config,estimator,ablation_group,seed,n_steps,diverged,diverged_at_step,elbo,kl,elbo_mc_stderr,ms_per_step,nfe_per_step,cumulative_train_s,grad_norm_mean,grad_norm_p95,kwarg_MC_samples,kwarg_baseline,kwarg_temperature,kwarg_anneal_rate,kwarg_min_temperature,kwarg_mode,kwarg_ode_steps,kwarg_path,kwarg_ode_solver,kwarg_rtol,kwarg_atol,unstable
Exact Marginalization (MC=1024),marginal_estimator,exact_marg,2,200,False,,-3.765557050704956,3.765557050704956,0.1655576229095459,11.855853539891541,,2.371170707978308,0.5186512813878341,1.2808409929275513,1024,,,,,,,,,,,False
Exact Marginalization (MC=1024),marginal_estimator,exact_marg,2,500,False,,-1.0526167154312134,1.0526167154312134,0.06281538307666779,11.5154154158663,,5.75770770793315,0.5186512813878341,1.2808409929275513,1024,,,,,,,,,,,False
Exact Marginalization (MC=1024),marginal_estimator,exact_marg,2,1000,False,,-0.3632146716117859,0.3632146716117859,0.018925495445728302,11.602795999962837,,11.602795999962837,0.5186512813878341,1.2808409929275513,1024,,,,,,,,,,,False
Exact Marginalization (MC=1024),marginal_estimator,exact_marg,2,2000,False,,-0.1311797946691513,0.1311797946691513,0.006579335778951645,11.692519687465392,,23.385039374930784,0.5186512813878341,1.2808409929275513,1024,,,,,,,,,,,False
Exact Marginalization (MC=1024),marginal_estimator,exact_marg,2,5000,False,,-0.07944479584693909,0.07944479584693909,0.003948656376451254,12.3916495581856,,61.958247790928,0.5186512813878341,1.2808409929275513,1024,,,,,,,,,,,False
Exact Marginalization (MC=1024),marginal_estimator,exact_marg,2,10000,False,,-0.044811297208070755,0.044811297208070755,0.002846603514626622,12.611183824995532,,126.11183824995533,0.5186512813878341,1.2808409929275513,1024,,,,,,,,,,,False
Exact Marginalization (MC=1024),marginal_estimator,exact_marg,1,200,False,,-3.3618807792663574,3.3618807792663574,0.16284631192684174,11.818066670093685,,2.363613334018737,0.5112410620681487,1.284048318862915,1024,,,,,,,,,,,False
Exact Marginalization (MC=1024),marginal_estimator,exact_marg,1,500,False,,-0.9273490905761719,0.9273490905761719,0.05885039269924164,11.480952499900013,,5.740476249950007,0.5112410620681487,1.284048318862915,1024,,,,,,,,,,,False
Exact Marginalization (MC=1024),marginal_estimator,exact_marg,1,1000,False,,-0.3833429515361786,0.3833429515361786,0.02023736760020256,11.595565292052925,,11.595565292052925,0.5112410620681487,1.284048318862915,1024,,,,,,,,,,,False
Exact Marginalization (MC=1024),marginal_estimator,exact_marg,1,2000,False,,-0.13271398842334747,0.13271398842334747,0.006586198695003986,11.707783500023652,,23.415567000047304,0.5112410620681487,1.284048318862915,1024,,,,,,,,,,,False
Exact Marginalization (MC=1024),marginal_estimator,exact_marg,1,5000,False,,-0.046521589159965515,0.046521589159965515,0.003214350203052163,12.333034033398144,,61.66517016699072,0.5112410620681487,1.284048318862915,1024,,,,,,,,,,,False
Exact Marginalization (MC=1024),marginal_estimator,exact_marg,1,10000,False,,-0.039932992309331894,0.039932992309331894,0.002644011052325368,12.632023533398751,,126.32023533398751,0.5112410620681487,1.284048318862915,1024,,,,,,,,,,,False
Exact Marginalization (MC=1024),marginal_estimator,exact_marg,4,200,False,,-2.819035530090332,2.819035530090332,0.09699807316064835,11.871461665141396,,2.3742923330282792,0.3962135973907303,0.9236191511154175,1024,,,,,,,,,,,False
Exact Marginalization (MC=1024),marginal_estimator,exact_marg,4,500,False,,-0.6981860399246216,0.6981860399246216,0.0457073450088501,11.481972750043496,,5.740986375021748,0.3962135973907303,0.9236191511154175,1024,,,,,,,,,,,False
Exact Marginalization (MC=1024),marginal_estimator,exact_marg,4,1000,False,,-0.2723243534564972,0.2723243534564972,0.013769624754786491,11.592640790971927,,11.592640790971927,0.3962135973907303,0.9236191511154175,1024,,,,,,,,,,,False
Exact Marginalization (MC=1024),marginal_estimator,exact_marg,4,2000,False,,-0.21455229818820953,0.21455229818820953,0.007709546014666557,11.694857000024058,,23.389714000048116,0.3962135973907303,0.9236191511154175,1024,,,,,,,,,,,False
Exact Marginalization (MC=1024),marginal_estimator,exact_marg,4,5000,False,,-0.07133307307958603,0.07133307307958603,0.005218194331973791,12.221767383208498,,61.10883691604249,0.3962135973907303,0.9236191511154175,1024,,,,,,,,,,,False
Exact Marginalization (MC=1024),marginal_estimator,exact_marg,4,10000,False,,-0.032647497951984406,0.032647497951984406,0.002300430089235306,12.536081099999137,,125.36081099999137,0.3962135973907303,0.9236191511154175,1024,,,,,,,,,,,False
Exact Marginalization (MC=1024),marginal_estimator,exact_marg,3,200,False,,-2.09269380569458,2.09269380569458,0.06698008626699448,12.00226292014122,,2.400452584028244,0.3211612054563551,0.641964316368103,1024,,,,,,,,,,,False
Exact Marginalization (MC=1024),marginal_estimator,exact_marg,3,500,False,,-0.6428160071372986,0.6428160071372986,0.02367418073117733,11.674043833976611,,5.837021916988306,0.3211612054563551,0.641964316368103,1024,,,,,,,,,,,False
Exact Marginalization (MC=1024),marginal_estimator,exact_marg,3,1000,False,,-0.35580605268478394,0.35580605268478394,0.017265746369957924,11.796625916962512,,11.796625916962512,0.3211612054563551,0.641964316368103,1024,,,,,,,,,,,False
Exact Marginalization (MC=1024),marginal_estimator,exact_marg,3,2000,False,,-0.19739025831222534,0.19739025831222534,0.00721525214612484,11.873467083496507,,23.746934166993015,0.3211612054563551,0.641964316368103,1024,,,,,,,,,,,False
Exact Marginalization (MC=1024),marginal_estimator,exact_marg,3,5000,False,,-0.07143765687942505,0.07143765687942505,0.003973315004259348,12.380577916791662,,61.90288958395831,0.3211612054563551,0.641964316368103,1024,,,,,,,,,,,False
Exact Marginalization (MC=1024),marginal_estimator,exact_marg,3,10000,False,,-0.030011532828211784,0.030011532828211784,0.002766853431239724,12.599522633396555,,125.99522633396555,0.3211612054563551,0.641964316368103,1024,,,,,,,,,,,False
Exact Marginalization (MC=1024),marginal_estimator,exact_marg,5,200,False,,-1.5284141302108765,1.5284141302108765,0.054657720029354095,12.139068334945478,,2.4278136669890955,0.28202113972669685,0.46368834376335144,1024,,,,,,,,,,,False
Exact Marginalization (MC=1024),marginal_estimator,exact_marg,5,500,False,,-0.5962998270988464,0.5962998270988464,0.031278979033231735,11.861241000005975,,5.930620500002988,0.28202113972669685,0.46368834376335144,1024,,,,,,,,,,,False
Exact Marginalization (MC=1024),marginal_estimator,exact_marg,5,1000,False,,-0.47513386607170105,0.47513386607170105,0.021781982854008675,12.03573166707065,,12.03573166707065,0.28202113972669685,0.46368834376335144,1024,,,,,,,,,,,False
Exact Marginalization (MC=1024),marginal_estimator,exact_marg,5,2000,False,,-0.18178187310695648,0.18178187310695648,0.005947446450591087,12.101892604026943,,24.203785208053887,0.28202113972669685,0.46368834376335144,1024,,,,,,,,,,,False
Exact Marginalization (MC=1024),marginal_estimator,exact_marg,5,5000,False,,-0.04472874477505684,0.04472874477505684,0.003204796463251114,12.855022016610018,,64.2751100830501,0.28202113972669685,0.46368834376335144,1024,,,,,,,,,,,False
Exact Marginalization (MC=1024),marginal_estimator,exact_marg,5,10000,False,,-0.03863217681646347,0.03863217681646347,0.002590938936918974,12.877433883305638,,128.7743388330564,0.28202113972669685,0.46368834376335144,1024,,,,,,,,,,,False
Score Function,score_function,score_function,2,200,False,,-4.38284969329834,4.38284969329834,0.202750563621521,3.413577500032261,,0.6827155000064522,0.973360032451092,2.7661211490631104,256,none,,,,,,,,,,False
Score Function,score_function,score_function,2,500,False,,-1.3010691404342651,1.3010691404342651,0.07988139986991882,3.437445831950754,,1.718722915975377,0.973360032451092,2.7661211490631104,256,none,,,,,,,,,,False
Score Function,score_function,score_function,2,1000,False,,-0.5004280209541321,0.5004280209541321,0.028217047452926636,3.33707000000868,,3.33707000000868,0.973360032451092,2.7661211490631104,256,none,,,,,,,,,,False
Score Function,score_function,score_function,2,2000,False,,-0.181185781955719,0.181185781955719,0.012640117667615414,3.2525098329642788,,6.5050196659285575,0.973360032451092,2.7661211490631104,256,none,,,,,,,,,,False
Score Function,score_function,score_function,2,5000,False,,-0.08724501729011536,0.08724501729011536,0.004223248455673456,3.1955230582039804,,15.977615291019902,0.973360032451092,2.7661211490631104,256,none,,,,,,,,,,False
Score Function,score_function,score_function,2,10000,False,,-0.09495099633932114,0.09495099633932114,0.004425766412168741,3.2196253207977863,,32.19625320797786,0.973360032451092,2.7661211490631104,256,none,,,,,,,,,,False
Score Function,score_function,score_function,1,200,False,,-3.8241591453552246,3.8241591453552246,0.1917589157819748,3.2715539552737027,,0.6543107910547405,0.8250792476661193,2.361635208129883,256,none,,,,,,,,,,False
Score Function,score_function,score_function,1,500,False,,-1.1655545234680176,1.1655545234680176,0.07384209334850311,3.381923000095412,,1.690961500047706,0.8250792476661193,2.361635208129883,256,none,,,,,,,,,,False
Score Function,score_function,score_function,1,1000,False,,-0.4514768123626709,0.4514768123626709,0.024840423837304115,3.2941356250084937,,3.2941356250084937,0.8250792476661193,2.361635208129883,256,none,,,,,,,,,,False
Score Function,score_function,score_function,1,2000,False,,-0.17580938339233398,0.17580938339233398,0.0069432430900633335,3.225047291489318,,6.450094582978636,0.8250792476661193,2.361635208129883,256,none,,,,,,,,,,False
Score Function,score_function,score_function,1,5000,False,,-0.05068805813789368,0.05068805813789368,0.0026930258609354496,3.2071669331984594,,16.035834665992297,0.8250792476661193,2.361635208129883,256,none,,,,,,,,,,False
Score Function,score_function,score_function,1,10000,False,,-0.042223431169986725,0.042223431169986725,0.002950763562694192,3.3100713041028937,,33.10071304102894,0.8250792476661193,2.361635208129883,256,none,,,,,,,,,,False
Score Function,score_function,score_function,4,200,False,,-4.055879592895508,4.055879592895508,0.15965920686721802,3.591379795107059,,0.7182759590214118,0.8800537080465168,2.2497808933258057,256,none,,,,,,,,,,False
Score Function,score_function,score_function,4,500,False,,-0.9697803258895874,0.9697803258895874,0.04355204850435257,3.436448668129742,,1.718224334064871,0.8800537080465168,2.2497808933258057,256,none,,,,,,,,,,False
Score Function,score_function,score_function,4,1000,False,,-0.3971247375011444,0.3971247375011444,0.027503306046128273,3.372825084021315,,3.372825084021315,0.8800537080465168,2.2497808933258057,256,none,,,,,,,,,,False
Score Function,score_function,score_function,4,2000,False,,-0.23052172362804413,0.23052172362804413,0.015666963532567024,3.2581196459941566,,6.516239291988313,0.8800537080465168,2.2497808933258057,256,none,,,,,,,,,,False
Score Function,score_function,score_function,4,5000,False,,-0.20775863528251648,0.20775863528251648,0.006139968056231737,3.162444075010717,,15.812220375053585,0.8800537080465168,2.2497808933258057,256,none,,,,,,,,,,False
Score Function,score_function,score_function,4,10000,False,,-0.18064850568771362,0.18064850568771362,0.005944931413978338,3.155035804200452,,31.550358042004518,0.8800537080465168,2.2497808933258057,256,none,,,,,,,,,,False
Score Function,score_function,score_function,3,200,False,,-2.8997793197631836,2.8997793197631836,0.11694810539484024,3.3940418751444668,,0.6788083750288934,0.6164234000308527,1.5909337997436523,256,none,,,,,,,,,,False
Score Function,score_function,score_function,3,500,False,,-0.7955408096313477,0.7955408096313477,0.02975323051214218,3.4049567501060665,,1.7024783750530332,0.6164234000308527,1.5909337997436523,256,none,,,,,,,,,,False
Score Function,score_function,score_function,3,1000,False,,-0.40847378969192505,0.40847378969192505,0.012915587052702904,3.3045784999849275,,3.3045784999849275,0.6164234000308527,1.5909337997436523,256,none,,,,,,,,,,False
Score Function,score_function,score_function,3,2000,False,,-0.20411159098148346,0.20411159098148346,0.007013801485300064,3.231060187506955,,6.46212037501391,0.6164234000308527,1.5909337997436523,256,none,,,,,,,,,,False
Score Function,score_function,score_function,3,5000,False,,-0.1897367238998413,0.1897367238998413,0.005371724721044302,3.152424958208576,,15.76212479104288,0.6164234000308527,1.5909337997436523,256,none,,,,,,,,,,False
Score Function,score_function,score_function,3,10000,False,,-0.06766850501298904,0.06766850501298904,0.00403191801160574,3.2145049749989996,,32.145049749989994,0.6164234000308527,1.5909337997436523,256,none,,,,,,,,,,False
Score Function,score_function,score_function,5,200,False,,-2.56421160697937,2.56421160697937,0.08768143504858017,3.4211362502537668,,0.6842272500507534,0.5204419171987605,1.40206778049469,256,none,,,,,,,,,,False
Score Function,score_function,score_function,5,500,False,,-0.660422146320343,0.660422146320343,0.02741548791527748,3.3336035821121186,,1.6668017910560593,0.5204419171987605,1.40206778049469,256,none,,,,,,,,,,False
Score Function,score_function,score_function,5,1000,False,,-0.517352283000946,0.517352283000946,0.014607583172619343,3.3293677910696715,,3.3293677910696715,0.5204419171987605,1.40206778049469,256,none,,,,,,,,,,False
Score Function,score_function,score_function,5,2000,False,,-0.25294581055641174,0.25294581055641174,0.009296167641878128,3.293484541529324,,6.586969083058648,0.5204419171987605,1.40206778049469,256,none,,,,,,,,,,False
Score Function,score_function,score_function,5,5000,False,,-0.08080150932073593,0.08080150932073593,0.0037011546082794666,3.2584109666058794,,16.292054833029397,0.5204419171987605,1.40206778049469,256,none,,,,,,,,,,False
Score Function,score_function,score_function,5,10000,False,,-0.03115808218717575,0.03115808218717575,0.0020011805463582277,3.3902304999995976,,33.90230499999598,0.5204419171987605,1.40206778049469,256,none,,,,,,,,,,False
Score Function + RLOO,score_function,score_function_rloo,2,200,False,,-4.2249908447265625,4.2249908447265625,0.19616447389125824,3.445818749605678,,0.6891637499211356,0.9517750637928923,2.69189715385437,256,rloo,,,,,,,,,,False
Score Function + RLOO,score_function,score_function_rloo,2,500,False,,-1.300417184829712,1.300417184829712,0.08133505284786224,3.5019319159910083,,1.7509659579955041,0.9517750637928923,2.69189715385437,256,rloo,,,,,,,,,,False
Score Function + RLOO,score_function,score_function_rloo,2,1000,False,,-0.49299710988998413,0.49299710988998413,0.028245439752936363,3.401871541980654,,3.401871541980654,0.9517750637928923,2.69189715385437,256,rloo,,,,,,,,,,False
Score Function + RLOO,score_function,score_function_rloo,2,2000,False,,-0.1847285032272339,0.1847285032272339,0.013857687823474407,3.365121728973463,,6.730243457946926,0.9517750637928923,2.69189715385437,256,rloo,,,,,,,,,,False
Score Function + RLOO,score_function,score_function_rloo,2,5000,False,,-0.08750148117542267,0.08750148117542267,0.004244040697813034,3.4729114833986388,,17.364557416993193,0.9517750637928923,2.69189715385437,256,rloo,,,,,,,,,,False
Score Function + RLOO,score_function,score_function_rloo,2,10000,False,,-0.09515617787837982,0.09515617787837982,0.004439215175807476,3.448324262490496,,34.48324262490496,0.9517750637928923,2.69189715385437,256,rloo,,,,,,,,,,False
Score Function + RLOO,score_function,score_function_rloo,1,200,False,,-3.728015422821045,3.728015422821045,0.18933336436748505,3.677112080040388,,0.7354224160080776,0.8080764430422445,2.3026952743530273,256,rloo,,,,,,,,,,False
Score Function + RLOO,score_function,score_function_rloo,1,500,False,,-1.1382200717926025,1.1382200717926025,0.07279684394598007,3.4933894998393953,,1.7466947499196976,0.8080764430422445,2.3026952743530273,256,rloo,,,,,,,,,,False
Score Function + RLOO,score_function,score_function_rloo,1,1000,False,,-0.4459642767906189,0.4459642767906189,0.024286769330501556,3.3646994159789756,,3.3646994159789756,0.8080764430422445,2.3026952743530273,256,rloo,,,,,,,,,,False
Score Function + RLOO,score_function,score_function_rloo,1,2000,False,,-0.16996058821678162,0.16996058821678162,0.006880244705826044,3.3716716664494015,,6.743343332898803,0.8080764430422445,2.3026952743530273,256,rloo,,,,,,,,,,False
Score Function + RLOO,score_function,score_function_rloo,1,5000,False,,-0.05032365024089813,0.05032365024089813,0.0026664454489946365,3.4870454165851696,,17.43522708292585,0.8080764430422445,2.3026952743530273,256,rloo,,,,,,,,,,False
Score Function + RLOO,score_function,score_function_rloo,1,10000,False,,-0.04188991338014603,0.04188991338014603,0.002932310802862048,3.5518685624934734,,35.51868562493473,0.8080764430422445,2.3026952743530273,256,rloo,,,,,,,,,,False
Score Function + RLOO,score_function,score_function_rloo,4,200,False,,-3.9498164653778076,3.9498164653778076,0.15806220471858978,3.4184895851649344,,0.6836979170329869,0.8528453469356142,2.2185792922973633,256,rloo,,,,,,,,,,False
Score Function + RLOO,score_function,score_function_rloo,4,500,False,,-0.9329816699028015,0.9329816699028015,0.04264817759394646,3.4366647501010448,,1.7183323750505224,0.8528453469356142,2.2185792922973633,256,rloo,,,,,,,,,,False
Score Function + RLOO,score_function,score_function_rloo,4,1000,False,,-0.394475519657135,0.394475519657135,0.02790464647114277,3.430041249957867,,3.430041249957867,0.8528453469356142,2.2185792922973633,256,rloo,,,,,,,,,,False
Score Function + RLOO,score_function,score_function_rloo,4,2000,False,,-0.23763704299926758,0.23763704299926758,0.017443213611841202,3.316422583477106,,6.632845166954212,0.8528453469356142,2.2185792922973633,256,rloo,,,,,,,,,,False
Score Function + RLOO,score_function,score_function_rloo,4,5000,False,,-0.20758220553398132,0.20758220553398132,0.006125821266323328,3.377822133409791,,16.889110667048953,0.8528453469356142,2.2185792922973633,256,rloo,,,,,,,,,,False
Score Function + RLOO,score_function,score_function_rloo,4,10000,False,,-0.179383784532547,0.179383784532547,0.005863323342055082,3.366566566703841,,33.66566566703841,0.8528453469356142,2.2185792922973633,256,rloo,,,,,,,,,,False
Score Function + RLOO,score_function,score_function_rloo,3,200,False,,-2.8646278381347656,2.8646278381347656,0.11602247506380081,3.527942500077188,,0.7055885000154376,0.6016556260677657,1.5745460987091064,256,rloo,,,,,,,,,,False
Score Function + RLOO,score_function,score_function_rloo,3,500,False,,-0.786291241645813,0.786291241645813,0.02882612869143486,3.5059206660371274,,1.7529603330185637,0.6016556260677657,1.5745460987091064,256,rloo,,,,,,,,,,False
Score Function + RLOO,score_function,score_function_rloo,3,1000,False,,-0.4012872576713562,0.4012872576713562,0.012699018232524395,3.4023990409914404,,3.4023990409914404,0.6016556260677657,1.5745460987091064,256,rloo,,,,,,,,,,False
Score Function + RLOO,score_function,score_function_rloo,3,2000,False,,-0.2039465457201004,0.2039465457201004,0.006969773210585117,3.362541707989294,,6.725083415978588,0.6016556260677657,1.5745460987091064,256,rloo,,,,,,,,,,False
Score Function + RLOO,score_function,score_function_rloo,3,5000,False,,-0.1885460913181305,0.1885460913181305,0.005375246983021498,3.465806866600178,,17.32903433300089,0.6016556260677657,1.5745460987091064,256,rloo,,,,,,,,,,False
Score Function + RLOO,score_function,score_function_rloo,3,10000,False,,-0.06762398779392242,0.06762398779392242,0.004036900121718645,3.4939355165930466,,34.939355165930465,0.6016556260677657,1.5745460987091064,256,rloo,,,,,,,,,,False
Score Function + RLOO,score_function,score_function_rloo,5,200,False,,-2.503918170928955,2.503918170928955,0.08635696768760681,3.6711460450896993,,0.7342292090179399,0.5116856942936121,1.3738608360290527,256,rloo,,,,,,,,,,False
Score Function + RLOO,score_function,score_function_rloo,5,500,False,,-0.6583077311515808,0.6583077311515808,0.02754180133342743,3.6055082499515265,,1.8027541249757633,0.5116856942936121,1.3738608360290527,256,rloo,,,,,,,,,,False
Score Function + RLOO,score_function,score_function_rloo,5,1000,False,,-0.5185787081718445,0.5185787081718445,0.014790628105401993,3.6191864169668406,,3.6191864169668406,0.5116856942936121,1.3738608360290527,256,rloo,,,,,,,,,,False
Score Function + RLOO,score_function,score_function_rloo,5,2000,False,,-0.24865105748176575,0.24865105748176575,0.009220604784786701,3.7264840834541246,,7.452968166908249,0.5116856942936121,1.3738608360290527,256,rloo,,,,,,,,,,False
Score Function + RLOO,score_function,score_function_rloo,5,5000,False,,-0.0813470333814621,0.0813470333814621,0.0037453966215252876,3.532648649998009,,17.663243249990046,0.5116856942936121,1.3738608360290527,256,rloo,,,,,,,,,,False
Score Function + RLOO,score_function,score_function_rloo,5,10000,False,,-0.035265736281871796,0.035265736281871796,0.0023760490585118532,3.6604928500019014,,36.604928500019014,0.5116856942936121,1.3738608360290527,256,rloo,,,,,,,,,,False
"Gumbel-Softmax (soft, tau=2.0)",gumbel_softmax,,2,200,False,,-12.908560752868652,12.908560752868652,0.3057567775249481,4.106170830200426,,0.8212341660400853,3.3473249624406276,10.231576919555664,256,,2.0,1.0,1e-06,soft,,,,,,True
"Gumbel-Softmax (soft, tau=2.0)",gumbel_softmax,,2,500,False,,-7.525014877319336,7.525014877319336,0.6411036252975464,3.948009666055441,,1.9740048330277205,3.3473249624406276,10.231576919555664,256,,2.0,1.0,1e-06,soft,,,,,,True
"Gumbel-Softmax (soft, tau=2.0)",gumbel_softmax,,2,1000,False,,-5.582793235778809,5.582793235778809,0.023750877007842064,4.057352208066732,,4.057352208066732,3.3473249624406276,10.231576919555664,256,,2.0,1.0,1e-06,soft,,,,,,True
"Gumbel-Softmax (soft, tau=2.0)",gumbel_softmax,,2,2000,False,,-6.989203929901123,6.989203929901123,0.014303404837846756,4.063762145524379,,8.127524291048758,3.3473249624406276,10.231576919555664,256,,2.0,1.0,1e-06,soft,,,,,,True
"Gumbel-Softmax (soft, tau=2.0)",gumbel_softmax,,2,5000,False,,-11.663030624389648,11.663030624389648,0.010912038385868073,4.093915066611953,,20.469575333059765,3.3473249624406276,10.231576919555664,256,,2.0,1.0,1e-06,soft,,,,,,True
"Gumbel-Softmax (soft, tau=2.0)",gumbel_softmax,,2,10000,False,,-13.941873550415039,13.941873550415039,0.010762041434645653,3.9790991457994096,,39.790991457994096,3.3473249624406276,10.231576919555664,256,,2.0,1.0,1e-06,soft,,,,,,True
"Gumbel-Softmax (soft, tau=2.0)",gumbel_softmax,,1,200,False,,-9.888325691223145,9.888325691223145,0.3744083344936371,3.7686277099419385,,0.7537255419883877,8.104264995394971e+16,3.085637649432564e+17,256,,2.0,1.0,1e-06,soft,,,,,,True
"Gumbel-Softmax (soft, tau=2.0)",gumbel_softmax,,1,500,False,,-73.51299285888672,73.51299285888672,0.8676490187644958,4.170087918173522,,2.085043959086761,8.104264995394971e+16,3.085637649432564e+17,256,,2.0,1.0,1e-06,soft,,,,,,True
"Gumbel-Softmax (soft, tau=2.0)",gumbel_softmax,,1,1000,False,,-3820.779296875,3820.779296875,17.213682174682617,4.495196292060427,,4.495196292060427,8.104264995394971e+16,3.085637649432564e+17,256,,2.0,1.0,1e-06,soft,,,,,,True
"Gumbel-Softmax (soft, tau=2.0)",gumbel_softmax,,1,2000,False,,-22285.484375,22285.484375,100.45186614990234,4.742943499993999,,9.485886999987997,8.104264995394971e+16,3.085637649432564e+17,256,,2.0,1.0,1e-06,soft,,,,,,True
"Gumbel-Softmax (soft, tau=2.0)",gumbel_softmax,,1,5000,True,3460.0,,,,,,,8.104264995394971e+16,3.085637649432564e+17,256,,2.0,1.0,1e-06,soft,,,,,,True
"Gumbel-Softmax (soft, tau=2.0)",gumbel_softmax,,1,10000,True,3460.0,,,,,,,8.104264995394971e+16,3.085637649432564e+17,256,,2.0,1.0,1e-06,soft,,,,,,True
"Gumbel-Softmax (soft, tau=2.0)",gumbel_softmax,,4,200,False,,-11.662781715393066,11.662781715393066,0.3889181315898895,3.990080624935217,,0.7980161249870434,1.0929545752663114e+17,2.4742962135878864e+17,256,,2.0,1.0,1e-06,soft,,,,,,True
"Gumbel-Softmax (soft, tau=2.0)",gumbel_softmax,,4,500,False,,-4.9023756980896,4.9023756980896,0.17613846063613892,4.198336834087968,,2.099168417043984,1.0929545752663114e+17,2.4742962135878864e+17,256,,2.0,1.0,1e-06,soft,,,,,,True
"Gumbel-Softmax (soft, tau=2.0)",gumbel_softmax,,4,1000,False,,-13.518397331237793,13.518397331237793,3.3301355838775635,4.442874166998081,,4.442874166998081,1.0929545752663114e+17,2.4742962135878864e+17,256,,2.0,1.0,1e-06,soft,,,,,,True
"Gumbel-Softmax (soft, tau=2.0)",gumbel_softmax,,4,2000,True,1127.0,,,,,,,1.0929545752663114e+17,2.4742962135878864e+17,256,,2.0,1.0,1e-06,soft,,,,,,True
"Gumbel-Softmax (soft, tau=2.0)",gumbel_softmax,,4,5000,True,1127.0,,,,,,,1.0929545752663114e+17,2.4742962135878864e+17,256,,2.0,1.0,1e-06,soft,,,,,,True
"Gumbel-Softmax (soft, tau=2.0)",gumbel_softmax,,4,10000,True,1127.0,,,,,,,1.0929545752663114e+17,2.4742962135878864e+17,256,,2.0,1.0,1e-06,soft,,,,,,True
"Gumbel-Softmax (soft, tau=2.0)",gumbel_softmax,,3,200,False,,-10.571293830871582,10.571293830871582,0.37568238377571106,3.8042983348714188,,0.7608596669742838,4.0716613574511494e+17,1.8020569037456566e+18,256,,2.0,1.0,1e-06,soft,,,,,,True
"Gumbel-Softmax (soft, tau=2.0)",gumbel_softmax,,3,500,False,,-258.80389404296875,258.80389404296875,2.8809192180633545,4.159892665920779,,2.0799463329603896,4.0716613574511494e+17,1.8020569037456566e+18,256,,2.0,1.0,1e-06,soft,,,,,,True
"Gumbel-Softmax (soft, tau=2.0)",gumbel_softmax,,3,1000,False,,-7854.408203125,7854.408203125,17.44826889038086,4.475146707962267,,4.475146707962267,4.0716613574511494e+17,1.8020569037456566e+18,256,,2.0,1.0,1e-06,soft,,,,,,True
"Gumbel-Softmax (soft, tau=2.0)",gumbel_softmax,,3,2000,True,1422.0,,,,,,,4.0716613574511494e+17,1.8020569037456566e+18,256,,2.0,1.0,1e-06,soft,,,,,,True
"Gumbel-Softmax (soft, tau=2.0)",gumbel_softmax,,3,5000,True,1422.0,,,,,,,4.0716613574511494e+17,1.8020569037456566e+18,256,,2.0,1.0,1e-06,soft,,,,,,True
"Gumbel-Softmax (soft, tau=2.0)",gumbel_softmax,,3,10000,True,1422.0,,,,,,,4.0716613574511494e+17,1.8020569037456566e+18,256,,2.0,1.0,1e-06,soft,,,,,,True
"Gumbel-Softmax (soft, tau=2.0)",gumbel_softmax,,5,200,False,,-8.700967788696289,8.700967788696289,0.2459360957145691,3.893733959994279,,0.7787467919988558,6.272840987539222e+17,1.337762039875814e+18,256,,2.0,1.0,1e-06,soft,,,,,,True
"Gumbel-Softmax (soft, tau=2.0)",gumbel_softmax,,5,500,False,,-286.046142578125,286.046142578125,1.9759466648101807,4.4439147498924285,,2.2219573749462143,6.272840987539222e+17,1.337762039875814e+18,256,,2.0,1.0,1e-06,soft,,,,,,True
"Gumbel-Softmax (soft, tau=2.0)",gumbel_softmax,,5,1000,False,,-2777.418701171875,2777.418701171875,6.620439052581787,4.6966781669761986,,4.6966781669761986,6.272840987539222e+17,1.337762039875814e+18,256,,2.0,1.0,1e-06,soft,,,,,,True
"Gumbel-Softmax (soft, tau=2.0)",gumbel_softmax,,5,2000,False,,-8018.5478515625,8018.5478515625,76.11076354980469,4.93909308349248,,9.87818616698496,6.272840987539222e+17,1.337762039875814e+18,256,,2.0,1.0,1e-06,soft,,,,,,True
"Gumbel-Softmax (soft, tau=2.0)",gumbel_softmax,,5,5000,True,3187.0,,,,,,,6.272840987539222e+17,1.337762039875814e+18,256,,2.0,1.0,1e-06,soft,,,,,,True
"Gumbel-Softmax (soft, tau=2.0)",gumbel_softmax,,5,10000,True,3187.0,,,,,,,6.272840987539222e+17,1.337762039875814e+18,256,,2.0,1.0,1e-06,soft,,,,,,True
"Gumbel-Softmax (soft, tau=1.0)",gumbel_softmax,,2,200,False,,-5.463322639465332,5.463322639465332,0.2042071372270584,3.9881785394391045,,0.7976357078878209,8.791625668500251e+17,2.976818193357603e+18,256,,1.0,1.0,1e-06,soft,,,,,,True
"Gumbel-Softmax (soft, tau=1.0)",gumbel_softmax,,2,500,False,,-2.9398012161254883,2.9398012161254883,0.07845774292945862,3.978198415832594,,1.989099207916297,8.791625668500251e+17,2.976818193357603e+18,256,,1.0,1.0,1e-06,soft,,,,,,True
"Gumbel-Softmax (soft, tau=1.0)",gumbel_softmax,,2,1000,False,,-297.6712646484375,297.6712646484375,3.3575527667999268,4.1365422499366105,,4.1365422499366105,8.791625668500251e+17,2.976818193357603e+18,256,,1.0,1.0,1e-06,soft,,,,,,True
"Gumbel-Softmax (soft, tau=1.0)",gumbel_softmax,,2,2000,False,,3745.8271484375,-3745.8271484375,148.7787628173828,4.597110270988196,,9.194220541976392,8.791625668500251e+17,2.976818193357603e+18,256,,1.0,1.0,1e-06,soft,,,,,,True
"Gumbel-Softmax (soft, tau=1.0)",gumbel_softmax,,2,5000,False,,392609.875,-392609.875,6246.4072265625,4.736578974989243,,23.682894874946214,8.791625668500251e+17,2.976818193357603e+18,256,,1.0,1.0,1e-06,soft,,,,,,True
"Gumbel-Softmax (soft, tau=1.0)",gumbel_softmax,,2,10000,True,5591.0,,,,,,,8.791625668500251e+17,2.976818193357603e+18,256,,1.0,1.0,1e-06,soft,,,,,,True
"Gumbel-Softmax (soft, tau=1.0)",gumbel_softmax,,1,200,False,,-5.456181049346924,5.456181049346924,0.26786452531814575,3.4993268753169104,,0.6998653750633821,5.880734324409728e+16,6595483313111018.0,256,,1.0,1.0,1e-06,soft,,,,,,True
"Gumbel-Softmax (soft, tau=1.0)",gumbel_softmax,,1,500,False,,-3.278933048248291,3.278933048248291,0.07952617853879929,3.4221840840764344,,1.7110920420382172,5.880734324409728e+16,6595483313111018.0,256,,1.0,1.0,1e-06,soft,,,,,,True
"Gumbel-Softmax (soft, tau=1.0)",gumbel_softmax,,1,1000,False,,-2097.529296875,2097.529296875,5.390890598297119,3.8018454170087352,,3.8018454170087352,5.880734324409728e+16,6595483313111018.0,256,,1.0,1.0,1e-06,soft,,,,,,True
"Gumbel-Softmax (soft, tau=1.0)",gumbel_softmax,,1,2000,True,1015.0,,,,,,,5.880734324409728e+16,6595483313111018.0,256,,1.0,1.0,1e-06,soft,,,,,,True
"Gumbel-Softmax (soft, tau=1.0)",gumbel_softmax,,1,5000,True,1015.0,,,,,,,5.880734324409728e+16,6595483313111018.0,256,,1.0,1.0,1e-06,soft,,,,,,True
"Gumbel-Softmax (soft, tau=1.0)",gumbel_softmax,,1,10000,True,1015.0,,,,,,,5.880734324409728e+16,6595483313111018.0,256,,1.0,1.0,1e-06,soft,,,,,,True
"Gumbel-Softmax (soft, tau=1.0)",gumbel_softmax,,4,200,False,,-5.049039840698242,5.049039840698242,0.2107391357421875,3.6973666650010273,,0.7394733330002055,3.780088240522214e+17,1.2509051705108726e+18,256,,1.0,1.0,1e-06,soft,,,,,,True
"Gumbel-Softmax (soft, tau=1.0)",gumbel_softmax,,4,500,False,,-3.0965147018432617,3.0965147018432617,0.08958940953016281,4.276039666030556,,2.138019833015278,3.780088240522214e+17,1.2509051705108726e+18,256,,1.0,1.0,1e-06,soft,,,,,,True
"Gumbel-Softmax (soft, tau=1.0)",gumbel_softmax,,4,1000,False,,-2568.81201171875,2568.81201171875,4.21174955368042,4.333707125042565,,4.333707125042565,3.780088240522214e+17,1.2509051705108726e+18,256,,1.0,1.0,1e-06,soft,,,,,,True
"Gumbel-Softmax (soft, tau=1.0)",gumbel_softmax,,4,2000,True,1201.0,,,,,,,3.780088240522214e+17,1.2509051705108726e+18,256,,1.0,1.0,1e-06,soft,,,,,,True
"Gumbel-Softmax (soft, tau=1.0)",gumbel_softmax,,4,5000,True,1201.0,,,,,,,3.780088240522214e+17,1.2509051705108726e+18,256,,1.0,1.0,1e-06,soft,,,,,,True
"Gumbel-Softmax (soft, tau=1.0)",gumbel_softmax,,4,10000,True,1201.0,,,,,,,3.780088240522214e+17,1.2509051705108726e+18,256,,1.0,1.0,1e-06,soft,,,,,,True
"Gumbel-Softmax (soft, tau=1.0)",gumbel_softmax,,3,200,False,,-3.957393169403076,3.957393169403076,0.17558319866657257,4.239238750305958,,0.8478477500611916,4.1677920319685126e+17,1.420945358428987e+18,256,,1.0,1.0,1e-06,soft,,,,,,True
"Gumbel-Softmax (soft, tau=1.0)",gumbel_softmax,,3,500,False,,-3.0346906185150146,3.0346906185150146,0.06310474127531052,3.743750668130815,,1.8718753340654075,4.1677920319685126e+17,1.420945358428987e+18,256,,1.0,1.0,1e-06,soft,,,,,,True
"Gumbel-Softmax (soft, tau=1.0)",gumbel_softmax,,3,1000,False,,-3049.443359375,3049.443359375,13.965956687927246,4.1032899169949815,,4.1032899169949815,4.1677920319685126e+17,1.420945358428987e+18,256,,1.0,1.0,1e-06,soft,,,,,,True
"Gumbel-Softmax (soft, tau=1.0)",gumbel_softmax,,3,2000,True,1683.0,,,,,,,4.1677920319685126e+17,1.420945358428987e+18,256,,1.0,1.0,1e-06,soft,,,,,,True
"Gumbel-Softmax (soft, tau=1.0)",gumbel_softmax,,3,5000,True,1683.0,,,,,,,4.1677920319685126e+17,1.420945358428987e+18,256,,1.0,1.0,1e-06,soft,,,,,,True
"Gumbel-Softmax (soft, tau=1.0)",gumbel_softmax,,3,10000,True,1683.0,,,,,,,4.1677920319685126e+17,1.420945358428987e+18,256,,1.0,1.0,1e-06,soft,,,,,,True
"Gumbel-Softmax (soft, tau=1.0)",gumbel_softmax,,5,200,False,,-3.438687562942505,3.438687562942505,0.11666183918714523,3.4440668747993186,,0.6888133749598637,6.322238869355936e+17,5.465158719793161e+18,256,,1.0,1.0,1e-06,soft,,,,,,True
"Gumbel-Softmax (soft, tau=1.0)",gumbel_softmax,,5,500,False,,-50.2804069519043,50.2804069519043,0.4261404275894165,3.674452249892056,,1.837226124946028,6.322238869355936e+17,5.465158719793161e+18,256,,1.0,1.0,1e-06,soft,,,,,,True
"Gumbel-Softmax (soft, tau=1.0)",gumbel_softmax,,5,1000,False,,-1725.72216796875,1725.72216796875,6.885421276092529,4.130244874977507,,4.130244874977507,6.322238869355936e+17,5.465158719793161e+18,256,,1.0,1.0,1e-06,soft,,,,,,True
"Gumbel-Softmax (soft, tau=1.0)",gumbel_softmax,,5,2000,True,1128.0,,,,,,,6.322238869355936e+17,5.465158719793161e+18,256,,1.0,1.0,1e-06,soft,,,,,,True
"Gumbel-Softmax (soft, tau=1.0)",gumbel_softmax,,5,5000,True,1128.0,,,,,,,6.322238869355936e+17,5.465158719793161e+18,256,,1.0,1.0,1e-06,soft,,,,,,True
"Gumbel-Softmax (soft, tau=1.0)",gumbel_softmax,,5,10000,True,1128.0,,,,,,,6.322238869355936e+17,5.465158719793161e+18,256,,1.0,1.0,1e-06,soft,,,,,,True
"Gumbel-Softmax (soft, tau=0.5)",gumbel_softmax,gs_soft_tau0.5,2,200,False,,-4.456967830657959,4.456967830657959,0.1898394376039505,3.5435170849086717,,0.7087034169817343,1.7552914443103588e+18,5.039406486992716e+18,256,,0.5,1.0,1e-06,soft,,,,,,True
"Gumbel-Softmax (soft, tau=0.5)",gumbel_softmax,gs_soft_tau0.5,2,500,False,,-1.3392601013183594,1.3392601013183594,0.06173832714557648,3.6331320840399712,,1.8165660420199856,1.7552914443103588e+18,5.039406486992716e+18,256,,0.5,1.0,1e-06,soft,,,,,,True
"Gumbel-Softmax (soft, tau=0.5)",gumbel_softmax,gs_soft_tau0.5,2,1000,False,,-0.7349727749824524,0.7349727749824524,0.03134489059448242,3.5911197919631377,,3.5911197919631377,1.7552914443103588e+18,5.039406486992716e+18,256,,0.5,1.0,1e-06,soft,,,,,,True
"Gumbel-Softmax (soft, tau=0.5)",gumbel_softmax,gs_soft_tau0.5,2,2000,False,,-5811.5283203125,5811.5283203125,57.90773010253906,4.098173791484442,,8.196347582968883,1.7552914443103588e+18,5.039406486992716e+18,256,,0.5,1.0,1e-06,soft,,,,,,True
"Gumbel-Softmax (soft, tau=0.5)",gumbel_softmax,gs_soft_tau0.5,2,5000,False,,125749.9375,-125749.9375,4783.83154296875,4.693093283404596,,23.46546641702298,1.7552914443103588e+18,5.039406486992716e+18,256,,0.5,1.0,1e-06,soft,,,,,,True
"Gumbel-Softmax (soft, tau=0.5)",gumbel_softmax,gs_soft_tau0.5,2,10000,False,,95155.578125,-95155.578125,6319.171875,4.778668879205361,,47.78668879205361,1.7552914443103588e+18,5.039406486992716e+18,256,,0.5,1.0,1e-06,soft,,,,,,True
"Gumbel-Softmax (soft, tau=0.5)",gumbel_softmax,gs_soft_tau0.5,1,200,False,,-4.302982807159424,4.302982807159424,0.22994722425937653,4.474023749935441,,0.8948047499870881,6.1061605211197224e+16,1.6863258969626365e+17,256,,0.5,1.0,1e-06,soft,,,,,,True
"Gumbel-Softmax (soft, tau=0.5)",gumbel_softmax,gs_soft_tau0.5,1,500,False,,-1.235975742340088,1.235975742340088,0.06556446850299835,4.378592918161303,,2.1892964590806514,6.1061605211197224e+16,1.6863258969626365e+17,256,,0.5,1.0,1e-06,soft,,,,,,True
"Gumbel-Softmax (soft, tau=0.5)",gumbel_softmax,gs_soft_tau0.5,1,1000,False,,-0.7283257842063904,0.7283257842063904,0.02802925370633602,3.9862095420248806,,3.9862095420248806,6.1061605211197224e+16,1.6863258969626365e+17,256,,0.5,1.0,1e-06,soft,,,,,,True
"Gumbel-Softmax (soft, tau=0.5)",gumbel_softmax,gs_soft_tau0.5,1,2000,True,1897.0,,,,,,,6.1061605211197224e+16,1.6863258969626365e+17,256,,0.5,1.0,1e-06,soft,,,,,,True
"Gumbel-Softmax (soft, tau=0.5)",gumbel_softmax,gs_soft_tau0.5,1,5000,True,1897.0,,,,,,,6.1061605211197224e+16,1.6863258969626365e+17,256,,0.5,1.0,1e-06,soft,,,,,,True
"Gumbel-Softmax (soft, tau=0.5)",gumbel_softmax,gs_soft_tau0.5,1,10000,True,1897.0,,,,,,,6.1061605211197224e+16,1.6863258969626365e+17,256,,0.5,1.0,1e-06,soft,,,,,,True
"Gumbel-Softmax (soft, tau=0.5)",gumbel_softmax,gs_soft_tau0.5,4,200,False,,-3.727724075317383,3.727724075317383,0.16452307999134064,3.5223170852987096,,0.7044634170597419,1.0680691697274094e+18,4.432764717750444e+18,256,,0.5,1.0,1e-06,soft,,,,,,True
"Gumbel-Softmax (soft, tau=0.5)",gumbel_softmax,gs_soft_tau0.5,4,500,False,,-1.1506688594818115,1.1506688594818115,0.05457580089569092,3.4798443340696394,,1.7399221670348197,1.0680691697274094e+18,4.432764717750444e+18,256,,0.5,1.0,1e-06,soft,,,,,,True
"Gumbel-Softmax (soft, tau=0.5)",gumbel_softmax,gs_soft_tau0.5,4,1000,False,,-3.8174686431884766,3.8174686431884766,0.053530748933553696,3.536846333066933,,3.536846333066933,1.0680691697274094e+18,4.432764717750444e+18,256,,0.5,1.0,1e-06,soft,,,,,,True
"Gumbel-Softmax (soft, tau=0.5)",gumbel_softmax,gs_soft_tau0.5,4,2000,False,,-9371.2490234375,9371.2490234375,119.6102523803711,4.020173249999061,,8.040346499998122,1.0680691697274094e+18,4.432764717750444e+18,256,,0.5,1.0,1e-06,soft,,,,,,True
"Gumbel-Softmax (soft, tau=0.5)",gumbel_softmax,gs_soft_tau0.5,4,5000,True,3714.0,,,,,,,1.0680691697274094e+18,4.432764717750444e+18,256,,0.5,1.0,1e-06,soft,,,,,,True
"Gumbel-Softmax (soft, tau=0.5)",gumbel_softmax,gs_soft_tau0.5,4,10000,True,3714.0,,,,,,,1.0680691697274094e+18,4.432764717750444e+18,256,,0.5,1.0,1e-06,soft,,,,,,True
"Gumbel-Softmax (soft, tau=0.5)",gumbel_softmax,gs_soft_tau0.5,3,200,False,,-2.8969202041625977,2.8969202041625977,0.12200240790843964,3.470867919968441,,0.6941735839936882,1.524690208323449e+17,3.0079213973274624e+16,256,,0.5,1.0,1e-06,soft,,,,,,True
"Gumbel-Softmax (soft, tau=0.5)",gumbel_softmax,gs_soft_tau0.5,3,500,False,,-0.8421270251274109,0.8421270251274109,0.03601676970720291,3.4098259180318564,,1.7049129590159282,1.524690208323449e+17,3.0079213973274624e+16,256,,0.5,1.0,1e-06,soft,,,,,,True
"Gumbel-Softmax (soft, tau=0.5)",gumbel_softmax,gs_soft_tau0.5,3,1000,False,,-1.5147781372070312,1.5147781372070312,0.024553027004003525,3.408434250042774,,3.408434250042774,1.524690208323449e+17,3.0079213973274624e+16,256,,0.5,1.0,1e-06,soft,,,,,,True
"Gumbel-Softmax (soft, tau=0.5)",gumbel_softmax,gs_soft_tau0.5,3,2000,True,1431.0,,,,,,,1.524690208323449e+17,3.0079213973274624e+16,256,,0.5,1.0,1e-06,soft,,,,,,True
"Gumbel-Softmax (soft, tau=0.5)",gumbel_softmax,gs_soft_tau0.5,3,5000,True,1431.0,,,,,,,1.524690208323449e+17,3.0079213973274624e+16,256,,0.5,1.0,1e-06,soft,,,,,,True
"Gumbel-Softmax (soft, tau=0.5)",gumbel_softmax,gs_soft_tau0.5,3,10000,True,1431.0,,,,,,,1.524690208323449e+17,3.0079213973274624e+16,256,,0.5,1.0,1e-06,soft,,,,,,True
"Gumbel-Softmax (soft, tau=0.5)",gumbel_softmax,gs_soft_tau0.5,5,200,False,,-2.219210147857666,2.219210147857666,0.08178870379924774,4.644824790302664,,0.9289649580605328,1.2099069523849014e+17,4.1109763602377574e+17,256,,0.5,1.0,1e-06,soft,,,,,,True
"Gumbel-Softmax (soft, tau=0.5)",gumbel_softmax,gs_soft_tau0.5,5,500,False,,-0.8671215176582336,0.8671215176582336,0.0324648842215538,4.401441833935678,,2.200720916967839,1.2099069523849014e+17,4.1109763602377574e+17,256,,0.5,1.0,1e-06,soft,,,,,,True
"Gumbel-Softmax (soft, tau=0.5)",gumbel_softmax,gs_soft_tau0.5,5,1000,False,,-104.24832153320312,104.24832153320312,0.6743775606155396,4.130368166952394,,4.130368166952394,1.2099069523849014e+17,4.1109763602377574e+17,256,,0.5,1.0,1e-06,soft,,,,,,True
"Gumbel-Softmax (soft, tau=0.5)",gumbel_softmax,gs_soft_tau0.5,5,2000,True,1463.0,,,,,,,1.2099069523849014e+17,4.1109763602377574e+17,256,,0.5,1.0,1e-06,soft,,,,,,True
"Gumbel-Softmax (soft, tau=0.5)",gumbel_softmax,gs_soft_tau0.5,5,5000,True,1463.0,,,,,,,1.2099069523849014e+17,4.1109763602377574e+17,256,,0.5,1.0,1e-06,soft,,,,,,True
"Gumbel-Softmax (soft, tau=0.5)",gumbel_softmax,gs_soft_tau0.5,5,10000,True,1463.0,,,,,,,1.2099069523849014e+17,4.1109763602377574e+17,256,,0.5,1.0,1e-06,soft,,,,,,True
"Gumbel-Softmax (soft, tau=0.3)",gumbel_softmax,,2,200,False,,-4.20890998840332,4.20890998840332,0.18200168013572693,3.6202202102867886,,0.7240440420573577,2.8099112070044348e+16,89984182779904.0,256,,0.3,1.0,1e-06,soft,,,,,,True
"Gumbel-Softmax (soft, tau=0.3)",gumbel_softmax,,2,500,False,,-1.2028725147247314,1.2028725147247314,0.05786864086985588,3.557113334070891,,1.7785566670354456,2.8099112070044348e+16,89984182779904.0,256,,0.3,1.0,1e-06,soft,,,,,,True
"Gumbel-Softmax (soft, tau=0.3)",gumbel_softmax,,2,1000,False,,-0.5247893333435059,0.5247893333435059,0.027148237451910973,3.4983226669719443,,3.4983226669719443,2.8099112070044348e+16,89984182779904.0,256,,0.3,1.0,1e-06,soft,,,,,,True
"Gumbel-Softmax (soft, tau=0.3)",gumbel_softmax,,2,2000,False,,-12.970588684082031,12.970588684082031,0.19483625888824463,3.476862812472973,,6.953725624945946,2.8099112070044348e+16,89984182779904.0,256,,0.3,1.0,1e-06,soft,,,,,,True
"Gumbel-Softmax (soft, tau=0.3)",gumbel_softmax,,2,5000,True,2551.0,,,,,,,2.8099112070044348e+16,89984182779904.0,256,,0.3,1.0,1e-06,soft,,,,,,True
"Gumbel-Softmax (soft, tau=0.3)",gumbel_softmax,,2,10000,True,2551.0,,,,,,,2.8099112070044348e+16,89984182779904.0,256,,0.3,1.0,1e-06,soft,,,,,,True
"Gumbel-Softmax (soft, tau=0.3)",gumbel_softmax,,1,200,False,,-4.076078414916992,4.076078414916992,0.2209387570619583,4.000856665079482,,0.8001713330158964,179618392006796.6,72902506446848.0,256,,0.3,1.0,1e-06,soft,,,,,,True
"Gumbel-Softmax (soft, tau=0.3)",gumbel_softmax,,1,500,False,,-1.0739561319351196,1.0739561319351196,0.06084825471043587,3.7220168341882527,,1.8610084170941263,179618392006796.6,72902506446848.0,256,,0.3,1.0,1e-06,soft,,,,,,True
"Gumbel-Softmax (soft, tau=0.3)",gumbel_softmax,,1,1000,False,,-0.4703812897205353,0.4703812897205353,0.023476963862776756,3.8974050420802087,,3.8974050420802087,179618392006796.6,72902506446848.0,256,,0.3,1.0,1e-06,soft,,,,,,True
"Gumbel-Softmax (soft, tau=0.3)",gumbel_softmax,,1,2000,False,,-7.199590682983398,7.199590682983398,0.09862242639064789,3.737767437531147,,7.475534875062294,179618392006796.6,72902506446848.0,256,,0.3,1.0,1e-06,soft,,,,,,True
"Gumbel-Softmax (soft, tau=0.3)",gumbel_softmax,,1,5000,True,2558.0,,,,,,,179618392006796.6,72902506446848.0,256,,0.3,1.0,1e-06,soft,,,,,,True
"Gumbel-Softmax (soft, tau=0.3)",gumbel_softmax,,1,10000,True,2558.0,,,,,,,179618392006796.6,72902506446848.0,256,,0.3,1.0,1e-06,soft,,,,,,True
"Gumbel-Softmax (soft, tau=0.3)",gumbel_softmax,,4,200,False,,-3.545957565307617,3.545957565307617,0.14636850357055664,3.5772408347111195,,0.7154481669422239,4.345466402551931e+17,2.1884817702840684e+18,256,,0.3,1.0,1e-06,soft,,,,,,True
"Gumbel-Softmax (soft, tau=0.3)",gumbel_softmax,,4,500,False,,-0.9380029439926147,0.9380029439926147,0.04309407249093056,3.69870224990882,,1.84935112495441,4.345466402551931e+17,2.1884817702840684e+18,256,,0.3,1.0,1e-06,soft,,,,,,True
"Gumbel-Softmax (soft, tau=0.3)",gumbel_softmax,,4,1000,False,,-0.45811769366264343,0.45811769366264343,0.021019117906689644,3.7851255419664085,,3.7851255419664085,4.345466402551931e+17,2.1884817702840684e+18,256,,0.3,1.0,1e-06,soft,,,,,,True
"Gumbel-Softmax (soft, tau=0.3)",gumbel_softmax,,4,2000,False,,-1.5638610124588013,1.5638610124588013,0.01951281540095806,3.753712125006132,,7.507424250012264,4.345466402551931e+17,2.1884817702840684e+18,256,,0.3,1.0,1e-06,soft,,,,,,True
"Gumbel-Softmax (soft, tau=0.3)",gumbel_softmax,,4,5000,True,4399.0,,,,,,,4.345466402551931e+17,2.1884817702840684e+18,256,,0.3,1.0,1e-06,soft,,,,,,True
"Gumbel-Softmax (soft, tau=0.3)",gumbel_softmax,,4,10000,True,4399.0,,,,,,,4.345466402551931e+17,2.1884817702840684e+18,256,,0.3,1.0,1e-06,soft,,,,,,True
"Gumbel-Softmax (soft, tau=0.3)",gumbel_softmax,,3,200,False,,-2.948911428451538,2.948911428451538,0.12115360796451569,3.470386670087464,,0.6940773340174928,197801227720250.0,38832029931929.27,256,,0.3,1.0,1e-06,soft,,,,,,True
"Gumbel-Softmax (soft, tau=0.3)",gumbel_softmax,,3,500,False,,-0.7506260275840759,0.7506260275840759,0.035217057913541794,3.918551249895245,,1.9592756249476224,197801227720250.0,38832029931929.27,256,,0.3,1.0,1e-06,soft,,,,,,True
"Gumbel-Softmax (soft, tau=0.3)",gumbel_softmax,,3,1000,False,,-0.4248713552951813,0.4248713552951813,0.015957996249198914,3.9040602919412777,,3.9040602919412777,197801227720250.0,38832029931929.27,256,,0.3,1.0,1e-06,soft,,,,,,True
"Gumbel-Softmax (soft, tau=0.3)",gumbel_softmax,,3,2000,False,,-50.89463424682617,50.89463424682617,1.0761357545852661,3.7831172709702514,,7.566234541940503,197801227720250.0,38832029931929.27,256,,0.3,1.0,1e-06,soft,,,,,,True
"Gumbel-Softmax (soft, tau=0.3)",gumbel_softmax,,3,5000,True,2477.0,,,,,,,197801227720250.0,38832029931929.27,256,,0.3,1.0,1e-06,soft,,,,,,True
"Gumbel-Softmax (soft, tau=0.3)",gumbel_softmax,,3,10000,True,2477.0,,,,,,,197801227720250.0,38832029931929.27,256,,0.3,1.0,1e-06,soft,,,,,,True
"Gumbel-Softmax (soft, tau=0.3)",gumbel_softmax,,5,200,False,,-2.057530641555786,2.057530641555786,0.07481149584054947,3.566891670343466,,0.7133783340686932,6.135598584965393e+16,1728372545263992.2,256,,0.3,1.0,1e-06,soft,,,,,,True
"Gumbel-Softmax (soft, tau=0.3)",gumbel_softmax,,5,500,False,,-0.679390013217926,0.679390013217926,0.027618909254670143,3.66925141797401,,1.834625708987005,6.135598584965393e+16,1728372545263992.2,256,,0.3,1.0,1e-06,soft,,,,,,True
"Gumbel-Softmax (soft, tau=0.3)",gumbel_softmax,,5,1000,False,,-0.4237237870693207,0.4237237870693207,0.021746957674622536,3.6330561250215396,,3.6330561250215396,6.135598584965393e+16,1728372545263992.2,256,,0.3,1.0,1e-06,soft,,,,,,True
"Gumbel-Softmax (soft, tau=0.3)",gumbel_softmax,,5,2000,False,,-0.531356930732727,0.531356930732727,0.011824746616184711,3.743286666984204,,7.486573333968408,6.135598584965393e+16,1728372545263992.2,256,,0.3,1.0,1e-06,soft,,,,,,True
"Gumbel-Softmax (soft, tau=0.3)",gumbel_softmax,,5,5000,True,2794.0,,,,,,,6.135598584965393e+16,1728372545263992.2,256,,0.3,1.0,1e-06,soft,,,,,,True
"Gumbel-Softmax (soft, tau=0.3)",gumbel_softmax,,5,10000,True,2794.0,,,,,,,6.135598584965393e+16,1728372545263992.2,256,,0.3,1.0,1e-06,soft,,,,,,True
"Gumbel-Softmax (soft, tau=0.1)",gumbel_softmax,,2,200,False,,-4.287458896636963,4.287458896636963,0.1713780164718628,4.057818955043331,,0.8115637910086662,325105736173231.06,275092626787531.88,256,,0.1,1.0,1e-06,soft,,,,,,True
"Gumbel-Softmax (soft, tau=0.1)",gumbel_softmax,,2,500,False,,-1.1404048204421997,1.1404048204421997,0.052327901124954224,3.745029082056135,,1.8725145410280675,325105736173231.06,275092626787531.88,256,,0.1,1.0,1e-06,soft,,,,,,True
"Gumbel-Softmax (soft, tau=0.1)",gumbel_softmax,,2,1000,False,,-0.4666823744773865,0.4666823744773865,0.022107582539319992,3.6026747500291094,,3.6026747500291094,325105736173231.06,275092626787531.88,256,,0.1,1.0,1e-06,soft,,,,,,True
"Gumbel-Softmax (soft, tau=0.1)",gumbel_softmax,,2,2000,False,,-0.14744725823402405,0.14744725823402405,0.007041653152555227,3.5128657500026748,,7.0257315000053495,325105736173231.06,275092626787531.88,256,,0.1,1.0,1e-06,soft,,,,,,True
"Gumbel-Softmax (soft, tau=0.1)",gumbel_softmax,,2,5000,True,4787.0,,,,,,,325105736173231.06,275092626787531.88,256,,0.1,1.0,1e-06,soft,,,,,,True
"Gumbel-Softmax (soft, tau=0.1)",gumbel_softmax,,2,10000,True,4787.0,,,,,,,325105736173231.06,275092626787531.88,256,,0.1,1.0,1e-06,soft,,,,,,True
"Gumbel-Softmax (soft, tau=0.1)",gumbel_softmax,,1,200,False,,-4.004754066467285,4.004754066467285,0.2055494636297226,4.204053330468014,,0.8408106660936028,5.343117527964305e+17,2.1665221041518019e+18,256,,0.1,1.0,1e-06,soft,,,,,,True
"Gumbel-Softmax (soft, tau=0.1)",gumbel_softmax,,1,500,False,,-1.01228666305542,1.01228666305542,0.05317172035574913,3.8916917501483113,,1.9458458750741556,5.343117527964305e+17,2.1665221041518019e+18,256,,0.1,1.0,1e-06,soft,,,,,,True
"Gumbel-Softmax (soft, tau=0.1)",gumbel_softmax,,1,1000,False,,-0.4047112762928009,0.4047112762928009,0.01983197219669819,3.7020383750787005,,3.7020383750787005,5.343117527964305e+17,2.1665221041518019e+18,256,,0.1,1.0,1e-06,soft,,,,,,True
"Gumbel-Softmax (soft, tau=0.1)",gumbel_softmax,,1,2000,False,,-0.17036783695220947,0.17036783695220947,0.0077079301699995995,3.681904978991952,,7.363809957983904,5.343117527964305e+17,2.1665221041518019e+18,256,,0.1,1.0,1e-06,soft,,,,,,True
"Gumbel-Softmax (soft, tau=0.1)",gumbel_softmax,,1,5000,False,,-584676147200.0,584676147200.0,31973472256.0,4.1097600916167725,,20.54880045808386,5.343117527964305e+17,2.1665221041518019e+18,256,,0.1,1.0,1e-06,soft,,,,,,True
"Gumbel-Softmax (soft, tau=0.1)",gumbel_softmax,,1,10000,False,,-129038114881536.0,129038114881536.0,6552260444160.0,4.430420087499078,,44.304200874990784,5.343117527964305e+17,2.1665221041518019e+18,256,,0.1,1.0,1e-06,soft,,,,,,True
"Gumbel-Softmax (soft, tau=0.1)",gumbel_softmax,,4,200,False,,-3.6391093730926514,3.6391093730926514,0.13392607867717743,4.59989104012493,,0.9199782080249861,6462274604343585.0,3103955684950000.5,256,,0.1,1.0,1e-06,soft,,,,,,True
"Gumbel-Softmax (soft, tau=0.1)",gumbel_softmax,,4,500,False,,-0.9896491169929504,0.9896491169929504,0.042191602289676666,4.008198583964258,,2.004099291982129,6462274604343585.0,3103955684950000.5,256,,0.1,1.0,1e-06,soft,,,,,,True
"Gumbel-Softmax (soft, tau=0.1)",gumbel_softmax,,4,1000,False,,-0.3729766607284546,0.3729766607284546,0.021886533126235008,3.723469541990198,,3.723469541990198,6462274604343585.0,3103955684950000.5,256,,0.1,1.0,1e-06,soft,,,,,,True
"Gumbel-Softmax (soft, tau=0.1)",gumbel_softmax,,4,2000,False,,-0.1756266951560974,0.1756266951560974,0.009006718173623085,3.5840806664782576,,7.168161332956515,6462274604343585.0,3103955684950000.5,256,,0.1,1.0,1e-06,soft,,,,,,True
"Gumbel-Softmax (soft, tau=0.1)",gumbel_softmax,,4,5000,False,,-7371.0283203125,7371.0283203125,15.845526695251465,3.950637075002305,,19.753185375011526,6462274604343585.0,3103955684950000.5,256,,0.1,1.0,1e-06,soft,,,,,,True
"Gumbel-Softmax (soft, tau=0.1)",gumbel_softmax,,4,10000,True,6488.0,,,,,,,6462274604343585.0,3103955684950000.5,256,,0.1,1.0,1e-06,soft,,,,,,True
"Gumbel-Softmax (soft, tau=0.1)",gumbel_softmax,,3,200,False,,-3.1147360801696777,3.1147360801696777,0.10891810059547424,3.640248539741151,,0.7280497079482302,592155545902224.1,468981833636249.2,256,,0.1,1.0,1e-06,soft,,,,,,True
"Gumbel-Softmax (soft, tau=0.1)",gumbel_softmax,,3,500,False,,-0.7753508687019348,0.7753508687019348,0.03231413662433624,4.083557666046545,,2.0417788330232725,592155545902224.1,468981833636249.2,256,,0.1,1.0,1e-06,soft,,,,,,True
"Gumbel-Softmax (soft, tau=0.1)",gumbel_softmax,,3,1000,False,,-0.3729115128517151,0.3729115128517151,0.013736912049353123,3.8991140419384465,,3.8991140419384465,592155545902224.1,468981833636249.2,256,,0.1,1.0,1e-06,soft,,,,,,True
"Gumbel-Softmax (soft, tau=0.1)",gumbel_softmax,,3,2000,False,,-0.1658831536769867,0.1658831536769867,0.007068866863846779,3.8435545414686203,,7.687109082937241,592155545902224.1,468981833636249.2,256,,0.1,1.0,1e-06,soft,,,,,,True
"Gumbel-Softmax (soft, tau=0.1)",gumbel_softmax,,3,5000,False,,-29208.23828125,29208.23828125,60.35097122192383,4.156330008385703,,20.781650041928515,592155545902224.1,468981833636249.2,256,,0.1,1.0,1e-06,soft,,,,,,True
"Gumbel-Softmax (soft, tau=0.1)",gumbel_softmax,,3,10000,True,5087.0,,,,,,,592155545902224.1,468981833636249.2,256,,0.1,1.0,1e-06,soft,,,,,,True
"Gumbel-Softmax (soft, tau=0.1)",gumbel_softmax,,5,200,False,,-2.044583320617676,2.044583320617676,0.06942545622587204,4.349005830008537,,0.8698011660017073,221143960911004.25,79755052947865.58,256,,0.1,1.0,1e-06,soft,,,,,,True
"Gumbel-Softmax (soft, tau=0.1)",gumbel_softmax,,5,500,False,,-0.6203759908676147,0.6203759908676147,0.025967610999941826,3.943052915856242,,1.971526457928121,221143960911004.25,79755052947865.58,256,,0.1,1.0,1e-06,soft,,,,,,True
"Gumbel-Softmax (soft, tau=0.1)",gumbel_softmax,,5,1000,False,,-0.32443365454673767,0.32443365454673767,0.012709179893136024,3.761316957999952,,3.761316957999952,221143960911004.25,79755052947865.58,256,,0.1,1.0,1e-06,soft,,,,,,True
"Gumbel-Softmax (soft, tau=0.1)",gumbel_softmax,,5,2000,False,,-0.13470827043056488,0.13470827043056488,0.00604642927646637,3.7186448954744264,,7.437289790948853,221143960911004.25,79755052947865.58,256,,0.1,1.0,1e-06,soft,,,,,,True
"Gumbel-Softmax (soft, tau=0.1)",gumbel_softmax,,5,5000,True,3869.0,,,,,,,221143960911004.25,79755052947865.58,256,,0.1,1.0,1e-06,soft,,,,,,True
"Gumbel-Softmax (soft, tau=0.1)",gumbel_softmax,,5,10000,True,3869.0,,,,,,,221143960911004.25,79755052947865.58,256,,0.1,1.0,1e-06,soft,,,,,,True
"Gumbel-Softmax (soft, annealed)",gumbel_softmax,,2,200,False,,-5.02424430847168,5.02424430847168,0.1974218636751175,4.072569794952869,,0.8145139589905739,2.3972827343005944e+16,230045219658137.5,256,,1.0,0.9995,0.3,soft,,,,,,True
"Gumbel-Softmax (soft, annealed)",gumbel_softmax,,2,500,False,,-1.89137864112854,1.89137864112854,0.06337522715330124,3.913225168129429,,1.9566125840647146,2.3972827343005944e+16,230045219658137.5,256,,1.0,0.9995,0.3,soft,,,,,,True
"Gumbel-Softmax (soft, annealed)",gumbel_softmax,,2,1000,False,,-175.7578125,175.7578125,1.932520866394043,4.167150750057772,,4.167150750057772,2.3972827343005944e+16,230045219658137.5,256,,1.0,0.9995,0.3,soft,,,,,,True
"Gumbel-Softmax (soft, annealed)",gumbel_softmax,,2,2000,True,1130.0,,,,,,,2.3972827343005944e+16,230045219658137.5,256,,1.0,0.9995,0.3,soft,,,,,,True
"Gumbel-Softmax (soft, annealed)",gumbel_softmax,,2,5000,True,1130.0,,,,,,,2.3972827343005944e+16,230045219658137.5,256,,1.0,0.9995,0.3,soft,,,,,,True
"Gumbel-Softmax (soft, annealed)",gumbel_softmax,,2,10000,True,1130.0,,,,,,,2.3972827343005944e+16,230045219658137.5,256,,1.0,0.9995,0.3,soft,,,,,,True
"Gumbel-Softmax (soft, annealed)",gumbel_softmax,,1,200,False,,-5.040872097015381,5.040872097015381,0.2523714005947113,3.8871849997667596,,0.7774369999533519,5.404368862107988e+16,690724223844352.0,256,,1.0,0.9995,0.3,soft,,,,,,True
"Gumbel-Softmax (soft, annealed)",gumbel_softmax,,1,500,False,,-2.227513313293457,2.227513313293457,0.0680127665400505,4.320269166026264,,2.160134583013132,5.404368862107988e+16,690724223844352.0,256,,1.0,0.9995,0.3,soft,,,,,,True
"Gumbel-Softmax (soft, annealed)",gumbel_softmax,,1,1000,False,,-932.8543090820312,932.8543090820312,3.5484619140625,4.212167332996614,,4.212167332996614,5.404368862107988e+16,690724223844352.0,256,,1.0,0.9995,0.3,soft,,,,,,True
"Gumbel-Softmax (soft, annealed)",gumbel_softmax,,1,2000,True,1121.0,,,,,,,5.404368862107988e+16,690724223844352.0,256,,1.0,0.9995,0.3,soft,,,,,,True
"Gumbel-Softmax (soft, annealed)",gumbel_softmax,,1,5000,True,1121.0,,,,,,,5.404368862107988e+16,690724223844352.0,256,,1.0,0.9995,0.3,soft,,,,,,True
"Gumbel-Softmax (soft, annealed)",gumbel_softmax,,1,10000,True,1121.0,,,,,,,5.404368862107988e+16,690724223844352.0,256,,1.0,0.9995,0.3,soft,,,,,,True
"Gumbel-Softmax (soft, annealed)",gumbel_softmax,,4,200,False,,-4.594636917114258,4.594636917114258,0.19510114192962646,4.0918906254228204,,0.8183781250845641,4.198133605730317e+17,1.8530228204900188e+18,256,,1.0,0.9995,0.3,soft,,,,,,True
"Gumbel-Softmax (soft, annealed)",gumbel_softmax,,4,500,False,,-1.9306164979934692,1.9306164979934692,0.06340932101011276,3.7331824181601405,,1.8665912090800703,4.198133605730317e+17,1.8530228204900188e+18,256,,1.0,0.9995,0.3,soft,,,,,,True
"Gumbel-Softmax (soft, annealed)",gumbel_softmax,,4,1000,False,,-1687.75927734375,1687.75927734375,16.655561447143555,3.972018334083259,,3.972018334083259,4.198133605730317e+17,1.8530228204900188e+18,256,,1.0,0.9995,0.3,soft,,,,,,True
"Gumbel-Softmax (soft, annealed)",gumbel_softmax,,4,2000,True,1611.0,,,,,,,4.198133605730317e+17,1.8530228204900188e+18,256,,1.0,0.9995,0.3,soft,,,,,,True
"Gumbel-Softmax (soft, annealed)",gumbel_softmax,,4,5000,True,1611.0,,,,,,,4.198133605730317e+17,1.8530228204900188e+18,256,,1.0,0.9995,0.3,soft,,,,,,True
"Gumbel-Softmax (soft, annealed)",gumbel_softmax,,4,10000,True,1611.0,,,,,,,4.198133605730317e+17,1.8530228204900188e+18,256,,1.0,0.9995,0.3,soft,,,,,,True
"Gumbel-Softmax (soft, annealed)",gumbel_softmax,,3,200,False,,-3.591740846633911,3.591740846633911,0.16162267327308655,3.4175272949505597,,0.683505458990112,7.146114036516541e+17,3.300932918188176e+18,256,,1.0,0.9995,0.3,soft,,,,,,True
"Gumbel-Softmax (soft, annealed)",gumbel_softmax,,3,500,False,,-1.6236581802368164,1.6236581802368164,0.04993629828095436,3.4053405839949846,,1.7026702919974923,7.146114036516541e+17,3.300932918188176e+18,256,,1.0,0.9995,0.3,soft,,,,,,True
"Gumbel-Softmax (soft, annealed)",gumbel_softmax,,3,1000,False,,-1703.6025390625,1703.6025390625,12.457810401916504,3.816606834065169,,3.816606834065169,7.146114036516541e+17,3.300932918188176e+18,256,,1.0,0.9995,0.3,soft,,,,,,True
"Gumbel-Softmax (soft, annealed)",gumbel_softmax,,3,2000,True,1565.0,,,,,,,7.146114036516541e+17,3.300932918188176e+18,256,,1.0,0.9995,0.3,soft,,,,,,True
"Gumbel-Softmax (soft, annealed)",gumbel_softmax,,3,5000,True,1565.0,,,,,,,7.146114036516541e+17,3.300932918188176e+18,256,,1.0,0.9995,0.3,soft,,,,,,True
"Gumbel-Softmax (soft, annealed)",gumbel_softmax,,3,10000,True,1565.0,,,,,,,7.146114036516541e+17,3.300932918188176e+18,256,,1.0,0.9995,0.3,soft,,,,,,True
"Gumbel-Softmax (soft, annealed)",gumbel_softmax,,5,200,False,,-3.140580177307129,3.140580177307129,0.10942781716585159,3.472123954561539,,0.6944247909123078,2.7244451199576867e+17,1.0966736302099136e+18,256,,1.0,0.9995,0.3,soft,,,,,,True
"Gumbel-Softmax (soft, annealed)",gumbel_softmax,,5,500,False,,-29.85769271850586,29.85769271850586,0.2445131093263626,3.6317904158495367,,1.8158952079247683,2.7244451199576867e+17,1.0966736302099136e+18,256,,1.0,0.9995,0.3,soft,,,,,,True
"Gumbel-Softmax (soft, annealed)",gumbel_softmax,,5,1000,False,,-1382.7257080078125,1382.7257080078125,4.246166706085205,4.574959915946238,,4.574959915946238,2.7244451199576867e+17,1.0966736302099136e+18,256,,1.0,0.9995,0.3,soft,,,,,,True
"Gumbel-Softmax (soft, annealed)",gumbel_softmax,,5,2000,True,1702.0,,,,,,,2.7244451199576867e+17,1.0966736302099136e+18,256,,1.0,0.9995,0.3,soft,,,,,,True
"Gumbel-Softmax (soft, annealed)",gumbel_softmax,,5,5000,True,1702.0,,,,,,,2.7244451199576867e+17,1.0966736302099136e+18,256,,1.0,0.9995,0.3,soft,,,,,,True
"Gumbel-Softmax (soft, annealed)",gumbel_softmax,,5,10000,True,1702.0,,,,,,,2.7244451199576867e+17,1.0966736302099136e+18,256,,1.0,0.9995,0.3,soft,,,,,,True
Straight-Through (tau=2.0),gumbel_softmax,,2,200,False,,-4.279492378234863,4.279492378234863,0.16515356302261353,3.89907208038494,,0.779814416076988,0.43661600094910274,0.8613739609718323,256,,2.0,1.0,1e-06,straight_through,,,,,,False
Straight-Through (tau=2.0),gumbel_softmax,,2,500,False,,-1.2902926206588745,1.2902926206588745,0.05486021563410759,3.866761166136712,,1.933380583068356,0.43661600094910274,0.8613739609718323,256,,2.0,1.0,1e-06,straight_through,,,,,,False
Straight-Through (tau=2.0),gumbel_softmax,,2,1000,False,,-0.5297886729240417,0.5297886729240417,0.022263702005147934,3.9360412909882143,,3.9360412909882143,0.43661600094910274,0.8613739609718323,256,,2.0,1.0,1e-06,straight_through,,,,,,False
Straight-Through (tau=2.0),gumbel_softmax,,2,2000,False,,-0.23660576343536377,0.23660576343536377,0.0074439081363379955,3.8630141665344127,,7.726028333068825,0.43661600094910274,0.8613739609718323,256,,2.0,1.0,1e-06,straight_through,,,,,,False
Straight-Through (tau=2.0),gumbel_softmax,,2,5000,False,,-0.08941208571195602,0.08941208571195602,0.005622174125164747,3.8833172416081654,,19.416586208040826,0.43661600094910274,0.8613739609718323,256,,2.0,1.0,1e-06,straight_through,,,,,,False
Straight-Through (tau=2.0),gumbel_softmax,,2,10000,False,,-0.07940170913934708,0.07940170913934708,0.003759012557566166,3.9681614875094966,,39.681614875094965,0.43661600094910274,0.8613739609718323,256,,2.0,1.0,1e-06,straight_through,,,,,,False
Straight-Through (tau=2.0),gumbel_softmax,,1,200,False,,-4.152743816375732,4.152743816375732,0.21082481741905212,3.5777104151202366,,0.7155420830240473,0.4534426152403683,0.9391754269599915,256,,2.0,1.0,1e-06,straight_through,,,,,,False
Straight-Through (tau=2.0),gumbel_softmax,,1,500,False,,-1.102859377861023,1.102859377861023,0.059807274490594864,3.542627250077203,,1.7713136250386015,0.4534426152403683,0.9391754269599915,256,,2.0,1.0,1e-06,straight_through,,,,,,False
Straight-Through (tau=2.0),gumbel_softmax,,1,1000,False,,-0.3646394610404968,0.3646394610404968,0.019486721605062485,3.500733166001737,,3.500733166001737,0.4534426152403683,0.9391754269599915,256,,2.0,1.0,1e-06,straight_through,,,,,,False
Straight-Through (tau=2.0),gumbel_softmax,,1,2000,False,,-0.21488365530967712,0.21488365530967712,0.007527448236942291,3.520032250031363,,7.040064500062726,0.4534426152403683,0.9391754269599915,256,,2.0,1.0,1e-06,straight_through,,,,,,False
Straight-Through (tau=2.0),gumbel_softmax,,1,5000,False,,-0.09632422775030136,0.09632422775030136,0.004232355393469334,3.7990968581987543,,18.995484290993772,0.4534426152403683,0.9391754269599915,256,,2.0,1.0,1e-06,straight_through,,,,,,False
Straight-Through (tau=2.0),gumbel_softmax,,1,10000,False,,-0.06291108578443527,0.06291108578443527,0.003613285953179002,3.9636224666028284,,39.63622466602828,0.4534426152403683,0.9391754269599915,256,,2.0,1.0,1e-06,straight_through,,,,,,False
Straight-Through (tau=2.0),gumbel_softmax,,4,200,False,,-4.213202476501465,4.213202476501465,0.14235275983810425,3.590996664715931,,0.7181993329431862,0.4211127171150423,0.8985329866409302,256,,2.0,1.0,1e-06,straight_through,,,,,,False
Straight-Through (tau=2.0),gumbel_softmax,,4,500,False,,-1.0073609352111816,1.0073609352111816,0.043304868042469025,3.7152144159190357,,1.8576072079595178,0.4211127171150423,0.8985329866409302,256,,2.0,1.0,1e-06,straight_through,,,,,,False
Straight-Through (tau=2.0),gumbel_softmax,,4,1000,False,,-0.3376869559288025,0.3376869559288025,0.02173575572669506,4.035344582982361,,4.035344582982361,0.4211127171150423,0.8985329866409302,256,,2.0,1.0,1e-06,straight_through,,,,,,False
Straight-Through (tau=2.0),gumbel_softmax,,4,2000,False,,-0.20395860075950623,0.20395860075950623,0.00916899275034666,3.7799850834999233,,7.559970166999847,0.4211127171150423,0.8985329866409302,256,,2.0,1.0,1e-06,straight_through,,,,,,False
Straight-Through (tau=2.0),gumbel_softmax,,4,5000,False,,-0.1463247835636139,0.1463247835636139,0.005795603152364492,3.7281546415993945,,18.640773207996972,0.4211127171150423,0.8985329866409302,256,,2.0,1.0,1e-06,straight_through,,,,,,False
Straight-Through (tau=2.0),gumbel_softmax,,4,10000,False,,-0.09521584212779999,0.09521584212779999,0.0047464072704315186,3.978037462499924,,39.78037462499924,0.4211127171150423,0.8985329866409302,256,,2.0,1.0,1e-06,straight_through,,,,,,False
Straight-Through (tau=2.0),gumbel_softmax,,3,200,False,,-3.3355050086975098,3.3355050086975098,0.10632240027189255,5.0059470848646015,,1.0011894169729203,0.35166639806184036,0.638380229473114,256,,2.0,1.0,1e-06,straight_through,,,,,,False
Straight-Through (tau=2.0),gumbel_softmax,,3,500,False,,-0.8157751560211182,0.8157751560211182,0.029370179399847984,4.72142691607587,,2.360713458037935,0.35166639806184036,0.638380229473114,256,,2.0,1.0,1e-06,straight_through,,,,,,False
Straight-Through (tau=2.0),gumbel_softmax,,3,1000,False,,-0.41492223739624023,0.41492223739624023,0.012833364307880402,4.0855103329522535,,4.0855103329522535,0.35166639806184036,0.638380229473114,256,,2.0,1.0,1e-06,straight_through,,,,,,False
Straight-Through (tau=2.0),gumbel_softmax,,3,2000,False,,-0.24112972617149353,0.24112972617149353,0.007276945747435093,3.7864071460207924,,7.572814292041585,0.35166639806184036,0.638380229473114,256,,2.0,1.0,1e-06,straight_through,,,,,,False
Straight-Through (tau=2.0),gumbel_softmax,,3,5000,False,,-0.1054828092455864,0.1054828092455864,0.005045914091169834,3.6743664915906264,,18.371832457953133,0.35166639806184036,0.638380229473114,256,,2.0,1.0,1e-06,straight_through,,,,,,False
Straight-Through (tau=2.0),gumbel_softmax,,3,10000,False,,-0.0761546865105629,0.0761546865105629,0.0047826869413256645,3.760292112501338,,37.60292112501338,0.35166639806184036,0.638380229473114,256,,2.0,1.0,1e-06,straight_through,,,,,,False
Straight-Through (tau=2.0),gumbel_softmax,,5,200,False,,-2.509803533554077,2.509803533554077,0.07497869431972504,3.644630205235444,,0.7289260410470888,0.32650390472913093,0.5819685459136963,256,,2.0,1.0,1e-06,straight_through,,,,,,False
Straight-Through (tau=2.0),gumbel_softmax,,5,500,False,,-0.7362950444221497,0.7362950444221497,0.026501767337322235,3.560640416108072,,1.780320208054036,0.32650390472913093,0.5819685459136963,256,,2.0,1.0,1e-06,straight_through,,,,,,False
Straight-Through (tau=2.0),gumbel_softmax,,5,1000,False,,-0.3388163447380066,0.3388163447380066,0.013719173148274422,3.582202499965206,,3.582202499965206,0.32650390472913093,0.5819685459136963,256,,2.0,1.0,1e-06,straight_through,,,,,,False
Straight-Through (tau=2.0),gumbel_softmax,,5,2000,False,,-0.18125180900096893,0.18125180900096893,0.005757267586886883,3.5438734164927155,,7.087746832985431,0.32650390472913093,0.5819685459136963,256,,2.0,1.0,1e-06,straight_through,,,,,,False
Straight-Through (tau=2.0),gumbel_softmax,,5,5000,False,,-0.04725337773561478,0.04725337773561478,0.002832967322319746,3.6745529999956488,,18.372764999978244,0.32650390472913093,0.5819685459136963,256,,2.0,1.0,1e-06,straight_through,,,,,,False
Straight-Through (tau=2.0),gumbel_softmax,,5,10000,False,,-0.0534336194396019,0.0534336194396019,0.0030102278105914593,3.8048488416010513,,38.048488416010514,0.32650390472913093,0.5819685459136963,256,,2.0,1.0,1e-06,straight_through,,,,,,False
Straight-Through (tau=1.0),gumbel_softmax,,2,200,False,,-4.153659820556641,4.153659820556641,0.17028672993183136,3.9035387500189245,,0.7807077500037849,0.5711129732104423,1.244325041770935,256,,1.0,1.0,1e-06,straight_through,,,,,,False
Straight-Through (tau=1.0),gumbel_softmax,,2,500,False,,-1.1714731454849243,1.1714731454849243,0.053255271166563034,3.775671083945781,,1.8878355419728905,0.5711129732104423,1.244325041770935,256,,1.0,1.0,1e-06,straight_through,,,,,,False
Straight-Through (tau=1.0),gumbel_softmax,,2,1000,False,,-0.4834941625595093,0.4834941625595093,0.021609321236610413,3.7550412089331076,,3.7550412089331076,0.5711129732104423,1.244325041770935,256,,1.0,1.0,1e-06,straight_through,,,,,,False
Straight-Through (tau=1.0),gumbel_softmax,,2,2000,False,,-0.17159688472747803,0.17159688472747803,0.00622508954256773,3.7193430834449828,,7.4386861668899655,0.5711129732104423,1.244325041770935,256,,1.0,1.0,1e-06,straight_through,,,,,,False
Straight-Through (tau=1.0),gumbel_softmax,,2,5000,False,,-0.08794191479682922,0.08794191479682922,0.006611694116145372,3.7212549167918043,,18.60627458395902,0.5711129732104423,1.244325041770935,256,,1.0,1.0,1e-06,straight_through,,,,,,False
Straight-Through (tau=1.0),gumbel_softmax,,2,10000,False,,-0.06771641969680786,0.06771641969680786,0.0035074681509286165,3.7744432291947305,,37.744432291947305,0.5711129732104423,1.244325041770935,256,,1.0,1.0,1e-06,straight_through,,,,,,False
Straight-Through (tau=1.0),gumbel_softmax,,1,200,False,,-4.040018081665039,4.040018081665039,0.20926542580127716,4.462952914764173,,0.8925905829528347,0.5915793091499761,1.3259556293487549,256,,1.0,1.0,1e-06,straight_through,,,,,,False
Straight-Through (tau=1.0),gumbel_softmax,,1,500,False,,-1.0005275011062622,1.0005275011062622,0.05678609758615494,4.161573665915057,,2.0807868329575285,0.5915793091499761,1.3259556293487549,256,,1.0,1.0,1e-06,straight_through,,,,,,False
Straight-Through (tau=1.0),gumbel_softmax,,1,1000,False,,-0.3403104543685913,0.3403104543685913,0.01802477240562439,3.8758629999356344,,3.8758629999356344,0.5915793091499761,1.3259556293487549,256,,1.0,1.0,1e-06,straight_through,,,,,,False
Straight-Through (tau=1.0),gumbel_softmax,,1,2000,False,,-0.18951132893562317,0.18951132893562317,0.007123751565814018,3.855892978957854,,7.711785957915708,0.5915793091499761,1.3259556293487549,256,,1.0,1.0,1e-06,straight_through,,,,,,False
Straight-Through (tau=1.0),gumbel_softmax,,1,5000,False,,-0.09571219235658646,0.09571219235658646,0.00425465265288949,3.929162766598165,,19.645813832990825,0.5915793091499761,1.3259556293487549,256,,1.0,1.0,1e-06,straight_through,,,,,,False
Straight-Through (tau=1.0),gumbel_softmax,,1,10000,False,,-0.08567522466182709,0.08567522466182709,0.0042340802028775215,3.9219135832972825,,39.219135832972825,0.5915793091499761,1.3259556293487549,256,,1.0,1.0,1e-06,straight_through,,,,,,False
Straight-Through (tau=1.0),gumbel_softmax,,4,200,False,,-4.00799036026001,4.00799036026001,0.13789322972297668,3.6468343751039356,,0.7293668750207871,0.5354215425350061,1.2188043594360352,256,,1.0,1.0,1e-06,straight_through,,,,,,False
Straight-Through (tau=1.0),gumbel_softmax,,4,500,False,,-0.9157006740570068,0.9157006740570068,0.03926946595311165,3.565881833899766,,1.782940916949883,0.5354215425350061,1.2188043594360352,256,,1.0,1.0,1e-06,straight_through,,,,,,False
Straight-Through (tau=1.0),gumbel_softmax,,4,1000,False,,-0.3314749002456665,0.3314749002456665,0.015850652009248734,3.5371626670239493,,3.5371626670239493,0.5354215425350061,1.2188043594360352,256,,1.0,1.0,1e-06,straight_through,,,,,,False
Straight-Through (tau=1.0),gumbel_softmax,,4,2000,False,,-0.23804821074008942,0.23804821074008942,0.009487828239798546,3.71196222899016,,7.42392445798032,0.5354215425350061,1.2188043594360352,256,,1.0,1.0,1e-06,straight_through,,,,,,False
Straight-Through (tau=1.0),gumbel_softmax,,4,5000,False,,-0.1651211380958557,0.1651211380958557,0.006243737414479256,3.744195466605015,,18.720977333025075,0.5354215425350061,1.2188043594360352,256,,1.0,1.0,1e-06,straight_through,,,,,,False
Straight-Through (tau=1.0),gumbel_softmax,,4,10000,False,,-0.12542849779129028,0.12542849779129028,0.00548951281234622,3.925625279196538,,39.25625279196538,0.5354215425350061,1.2188043594360352,256,,1.0,1.0,1e-06,straight_through,,,,,,False
Straight-Through (tau=1.0),gumbel_softmax,,3,200,False,,-3.1377758979797363,3.1377758979797363,0.10052607208490372,4.252435414819047,,0.8504870829638094,0.4279143222927177,0.8393683433532715,256,,1.0,1.0,1e-06,straight_through,,,,,,False
Straight-Through (tau=1.0),gumbel_softmax,,3,500,False,,-0.7704038023948669,0.7704038023948669,0.028334634378552437,4.019519831985235,,2.0097599159926176,0.4279143222927177,0.8393683433532715,256,,1.0,1.0,1e-06,straight_through,,,,,,False
Straight-Through (tau=1.0),gumbel_softmax,,3,1000,False,,-0.4027305841445923,0.4027305841445923,0.012825848534703255,3.9026003329781815,,3.9026003329781815,0.4279143222927177,0.8393683433532715,256,,1.0,1.0,1e-06,straight_through,,,,,,False
Straight-Through (tau=1.0),gumbel_softmax,,3,2000,False,,-0.2023261934518814,0.2023261934518814,0.006737703923135996,3.849800020456314,,7.699600040912628,0.4279143222927177,0.8393683433532715,256,,1.0,1.0,1e-06,straight_through,,,,,,False
Straight-Through (tau=1.0),gumbel_softmax,,3,5000,False,,-0.08206764608621597,0.08206764608621597,0.004045148380100727,3.9038245665840803,,19.519122832920402,0.4279143222927177,0.8393683433532715,256,,1.0,1.0,1e-06,straight_through,,,,,,False
Straight-Through (tau=1.0),gumbel_softmax,,3,10000,False,,-0.06676936149597168,0.06676936149597168,0.004186136182397604,4.021804850001354,,40.21804850001354,0.4279143222927177,0.8393683433532715,256,,1.0,1.0,1e-06,straight_through,,,,,,False
Straight-Through (tau=1.0),gumbel_softmax,,5,200,False,,-2.342592239379883,2.342592239379883,0.07189376652240753,3.9504541648784652,,0.790090832975693,0.3950006294861077,0.7631132006645203,256,,1.0,1.0,1e-06,straight_through,,,,,,False
Straight-Through (tau=1.0),gumbel_softmax,,5,500,False,,-0.6781047582626343,0.6781047582626343,0.02471550740301609,3.8884225839283317,,1.9442112919641659,0.3950006294861077,0.7631132006645203,256,,1.0,1.0,1e-06,straight_through,,,,,,False
Straight-Through (tau=1.0),gumbel_softmax,,5,1000,False,,-0.34947746992111206,0.34947746992111206,0.013908636756241322,4.080831374973059,,4.080831374973059,0.3950006294861077,0.7631132006645203,256,,1.0,1.0,1e-06,straight_through,,,,,,False
Straight-Through (tau=1.0),gumbel_softmax,,5,2000,False,,-0.17098617553710938,0.17098617553710938,0.0055383737199008465,4.004172062501311,,8.008344125002623,0.3950006294861077,0.7631132006645203,256,,1.0,1.0,1e-06,straight_through,,,,,,False
Straight-Through (tau=1.0),gumbel_softmax,,5,5000,False,,-0.053015127778053284,0.053015127778053284,0.003103409195318818,4.051900974987075,,20.259504874935374,0.3950006294861077,0.7631132006645203,256,,1.0,1.0,1e-06,straight_through,,,,,,False
Straight-Through (tau=1.0),gumbel_softmax,,5,10000,False,,-0.05346274375915527,0.05346274375915527,0.0031525567173957825,4.008569508302026,,40.085695083020255,0.3950006294861077,0.7631132006645203,256,,1.0,1.0,1e-06,straight_through,,,,,,False
Straight-Through (tau=0.5),gumbel_softmax,st_tau0.5,2,200,False,,-4.0100908279418945,4.0100908279418945,0.1699959635734558,3.586887920391746,,0.7173775840783492,0.7375590169299258,1.726143479347229,256,,0.5,1.0,1e-06,straight_through,,,,,,False
Straight-Through (tau=0.5),gumbel_softmax,st_tau0.5,2,500,False,,-1.134717345237732,1.134717345237732,0.05318295955657959,3.6124648340046406,,1.8062324170023203,0.7375590169299258,1.726143479347229,256,,0.5,1.0,1e-06,straight_through,,,,,,False
Straight-Through (tau=0.5),gumbel_softmax,st_tau0.5,2,1000,False,,-0.4546773135662079,0.4546773135662079,0.02117983065545559,3.6806884590769187,,3.6806884590769187,0.7375590169299258,1.726143479347229,256,,0.5,1.0,1e-06,straight_through,,,,,,False
Straight-Through (tau=0.5),gumbel_softmax,st_tau0.5,2,2000,False,,-0.1562667191028595,0.1562667191028595,0.006409317255020142,3.7009389585000463,,7.401877917000093,0.7375590169299258,1.726143479347229,256,,0.5,1.0,1e-06,straight_through,,,,,,False
Straight-Through (tau=0.5),gumbel_softmax,st_tau0.5,2,5000,False,,-0.0835626870393753,0.0835626870393753,0.004418708384037018,3.598391391802579,,17.991956959012896,0.7375590169299258,1.726143479347229,256,,0.5,1.0,1e-06,straight_through,,,,,,False
Straight-Through (tau=0.5),gumbel_softmax,st_tau0.5,2,10000,False,,-0.06566973030567169,0.06566973030567169,0.0033608681987971067,3.623039504198823,,36.23039504198823,0.7375590169299258,1.726143479347229,256,,0.5,1.0,1e-06,straight_through,,,,,,False
Straight-Through (tau=0.5),gumbel_softmax,st_tau0.5,1,200,False,,-3.9694457054138184,3.9694457054138184,0.20810729265213013,3.9602154202293605,,0.7920430840458721,0.7442228028820986,1.789604663848877,256,,0.5,1.0,1e-06,straight_through,,,,,,False
Straight-Through (tau=0.5),gumbel_softmax,st_tau0.5,1,500,False,,-0.9454018473625183,0.9454018473625183,0.05497642979025841,3.962595083983615,,1.9812975419918075,0.7442228028820986,1.789604663848877,256,,0.5,1.0,1e-06,straight_through,,,,,,False
Straight-Through (tau=0.5),gumbel_softmax,st_tau0.5,1,1000,False,,-0.35366004705429077,0.35366004705429077,0.018190130591392517,3.84909512498416,,3.84909512498416,0.7442228028820986,1.789604663848877,256,,0.5,1.0,1e-06,straight_through,,,,,,False
Straight-Through (tau=0.5),gumbel_softmax,st_tau0.5,1,2000,False,,-0.18067772686481476,0.18067772686481476,0.007027376443147659,3.7750936045194976,,7.550187209038995,0.7442228028820986,1.789604663848877,256,,0.5,1.0,1e-06,straight_through,,,,,,False
Straight-Through (tau=0.5),gumbel_softmax,st_tau0.5,1,5000,False,,-0.09608367085456848,0.09608367085456848,0.004062379244714975,3.683138908399269,,18.415694541996345,0.7442228028820986,1.789604663848877,256,,0.5,1.0,1e-06,straight_through,,,,,,False
Straight-Through (tau=0.5),gumbel_softmax,st_tau0.5,1,10000,False,,-0.08852194249629974,0.08852194249629974,0.004428432788699865,3.7243045417009855,,37.24304541700985,0.7442228028820986,1.789604663848877,256,,0.5,1.0,1e-06,straight_through,,,,,,False
Straight-Through (tau=0.5),gumbel_softmax,st_tau0.5,4,200,False,,-3.960131883621216,3.960131883621216,0.13755552470684052,3.7802747898967937,,0.7560549579793587,0.6626919821931319,1.6352769136428833,256,,0.5,1.0,1e-06,straight_through,,,,,,False
Straight-Through (tau=0.5),gumbel_softmax,st_tau0.5,4,500,False,,-0.9332771301269531,0.9332771301269531,0.03861422836780548,3.698838582029566,,1.849419291014783,0.6626919821931319,1.6352769136428833,256,,0.5,1.0,1e-06,straight_through,,,,,,False
Straight-Through (tau=0.5),gumbel_softmax,st_tau0.5,4,1000,False,,-0.34757107496261597,0.34757107496261597,0.015757717192173004,3.684367291047238,,3.684367291047238,0.6626919821931319,1.6352769136428833,256,,0.5,1.0,1e-06,straight_through,,,,,,False
Straight-Through (tau=0.5),gumbel_softmax,st_tau0.5,4,2000,False,,-0.2510175406932831,0.2510175406932831,0.008211679756641388,3.7154360829736106,,7.430872165947221,0.6626919821931319,1.6352769136428833,256,,0.5,1.0,1e-06,straight_through,,,,,,False
Straight-Through (tau=0.5),gumbel_softmax,st_tau0.5,4,5000,False,,-0.18208280205726624,0.18208280205726624,0.006533693987876177,3.6999185415916145,,18.499592707958072,0.6626919821931319,1.6352769136428833,256,,0.5,1.0,1e-06,straight_through,,,,,,False
Straight-Through (tau=0.5),gumbel_softmax,st_tau0.5,4,10000,False,,-0.13534383475780487,0.13534383475780487,0.005848448723554611,3.803570024995133,,38.03570024995133,0.6626919821931319,1.6352769136428833,256,,0.5,1.0,1e-06,straight_through,,,,,,False
Straight-Through (tau=0.5),gumbel_softmax,st_tau0.5,3,200,False,,-3.112001895904541,3.112001895904541,0.09855664521455765,3.618653125013225,,0.723730625002645,0.5236988318313921,1.1121236085891724,256,,0.5,1.0,1e-06,straight_through,,,,,,False
Straight-Through (tau=0.5),gumbel_softmax,st_tau0.5,3,500,False,,-0.7905815839767456,0.7905815839767456,0.028734605759382248,3.6644140819553286,,1.8322070409776643,0.5236988318313921,1.1121236085891724,256,,0.5,1.0,1e-06,straight_through,,,,,,False
Straight-Through (tau=0.5),gumbel_softmax,st_tau0.5,3,1000,False,,-0.38017281889915466,0.38017281889915466,0.012909653596580029,3.6411049579037353,,3.6411049579037353,0.5236988318313921,1.1121236085891724,256,,0.5,1.0,1e-06,straight_through,,,,,,False
Straight-Through (tau=0.5),gumbel_softmax,st_tau0.5,3,2000,False,,-0.18721319735050201,0.18721319735050201,0.0065923728980124,3.7042896664934233,,7.408579332986847,0.5236988318313921,1.1121236085891724,256,,0.5,1.0,1e-06,straight_through,,,,,,False
Straight-Through (tau=0.5),gumbel_softmax,st_tau0.5,3,5000,False,,-0.07604728639125824,0.07604728639125824,0.0039899651892483234,3.8521843165857717,,19.26092158292886,0.5236988318313921,1.1121236085891724,256,,0.5,1.0,1e-06,straight_through,,,,,,False
Straight-Through (tau=0.5),gumbel_softmax,st_tau0.5,3,10000,False,,-0.05939629301428795,0.05939629301428795,0.0037754580844193697,3.8619138124980963,,38.619138124980964,0.5236988318313921,1.1121236085891724,256,,0.5,1.0,1e-06,straight_through,,,,,,False
Straight-Through (tau=0.5),gumbel_softmax,st_tau0.5,5,200,False,,-2.251861810684204,2.251861810684204,0.06985604017972946,4.030794164864346,,0.8061588329728693,0.4694975417149435,0.9781166911125183,256,,0.5,1.0,1e-06,straight_through,,,,,,False
Straight-Through (tau=0.5),gumbel_softmax,st_tau0.5,5,500,False,,-0.6708618402481079,0.6708618402481079,0.02383066713809967,3.9769687498919666,,1.9884843749459833,0.4694975417149435,0.9781166911125183,256,,0.5,1.0,1e-06,straight_through,,,,,,False
Straight-Through (tau=0.5),gumbel_softmax,st_tau0.5,5,1000,False,,-0.34024813771247864,0.34024813771247864,0.01376105472445488,4.37703374994453,,4.37703374994453,0.4694975417149435,0.9781166911125183,256,,0.5,1.0,1e-06,straight_through,,,,,,False
Straight-Through (tau=0.5),gumbel_softmax,st_tau0.5,5,2000,False,,-0.15492770075798035,0.15492770075798035,0.005058373790234327,4.070531541481614,,8.141063082963228,0.4694975417149435,0.9781166911125183,256,,0.5,1.0,1e-06,straight_through,,,,,,False
Straight-Through (tau=0.5),gumbel_softmax,st_tau0.5,5,5000,False,,-0.046572595834732056,0.046572595834732056,0.0028634911868721247,3.9008453165879473,,19.504226582939737,0.4694975417149435,0.9781166911125183,256,,0.5,1.0,1e-06,straight_through,,,,,,False
Straight-Through (tau=0.5),gumbel_softmax,st_tau0.5,5,10000,False,,-0.04918220639228821,0.04918220639228821,0.0029330900870263577,3.906463354092557,,39.06463354092557,0.4694975417149435,0.9781166911125183,256,,0.5,1.0,1e-06,straight_through,,,,,,False
Straight-Through (tau=0.3),gumbel_softmax,,2,200,False,,-4.108855724334717,4.108855724334717,0.17199307680130005,3.5453095799311996,,0.7090619159862399,0.8446485986330606,2.056753158569336,256,,0.3,1.0,1e-06,straight_through,,,,,,False
Straight-Through (tau=0.3),gumbel_softmax,,2,500,False,,-1.0992121696472168,1.0992121696472168,0.05222352221608162,3.526378749869764,,1.763189374934882,0.8446485986330606,2.056753158569336,256,,0.3,1.0,1e-06,straight_through,,,,,,False
Straight-Through (tau=0.3),gumbel_softmax,,2,1000,False,,-0.45019635558128357,0.45019635558128357,0.020993417128920555,3.480264874990098,,3.480264874990098,0.8446485986330606,2.056753158569336,256,,0.3,1.0,1e-06,straight_through,,,,,,False
Straight-Through (tau=0.3),gumbel_softmax,,2,2000,False,,-0.1521073430776596,0.1521073430776596,0.006005678325891495,3.4432990624918602,,6.8865981249837205,0.8446485986330606,2.056753158569336,256,,0.3,1.0,1e-06,straight_through,,,,,,False
Straight-Through (tau=0.3),gumbel_softmax,,2,5000,False,,-0.08441720902919769,0.08441720902919769,0.006585063878446817,3.5280885000014677,,17.64044250000734,0.8446485986330606,2.056753158569336,256,,0.3,1.0,1e-06,straight_through,,,,,,False
Straight-Through (tau=0.3),gumbel_softmax,,2,10000,False,,-0.059102706611156464,0.059102706611156464,0.0032067077700048685,3.7637955499929374,,37.637955499929376,0.8446485986330606,2.056753158569336,256,,0.3,1.0,1e-06,straight_through,,,,,,False
Straight-Through (tau=0.3),gumbel_softmax,,1,200,False,,-3.943115711212158,3.943115711212158,0.20684896409511566,3.528702710173093,,0.7057405420346186,0.8397040152966041,2.0927255153656006,256,,0.3,1.0,1e-06,straight_through,,,,,,False
Straight-Through (tau=0.3),gumbel_softmax,,1,500,False,,-0.9368918538093567,0.9368918538093567,0.05391383171081543,3.506535666063428,,1.753267833031714,0.8397040152966041,2.0927255153656006,256,,0.3,1.0,1e-06,straight_through,,,,,,False
Straight-Through (tau=0.3),gumbel_softmax,,1,1000,False,,-0.368360698223114,0.368360698223114,0.01811959221959114,3.4718621670035645,,3.4718621670035645,0.8397040152966041,2.0927255153656006,256,,0.3,1.0,1e-06,straight_through,,,,,,False
Straight-Through (tau=0.3),gumbel_softmax,,1,2000,False,,-0.1697980910539627,0.1697980910539627,0.006784885190427303,3.464512166508939,,6.929024333017878,0.8397040152966041,2.0927255153656006,256,,0.3,1.0,1e-06,straight_through,,,,,,False
Straight-Through (tau=0.3),gumbel_softmax,,1,5000,False,,-0.0977742001414299,0.0977742001414299,0.004283348564058542,3.484107083408162,,17.42053541704081,0.8397040152966041,2.0927255153656006,256,,0.3,1.0,1e-06,straight_through,,,,,,False
Straight-Through (tau=0.3),gumbel_softmax,,1,10000,False,,-0.0881730318069458,0.0881730318069458,0.0043259370140731335,3.600911520794034,,36.00911520794034,0.8397040152966041,2.0927255153656006,256,,0.3,1.0,1e-06,straight_through,,,,,,False
Straight-Through (tau=0.3),gumbel_softmax,,4,200,False,,-4.007783889770508,4.007783889770508,0.13837043941020966,3.58458666538354,,0.716917333076708,0.7472166371089544,1.933672308921814,256,,0.3,1.0,1e-06,straight_through,,,,,,False
Straight-Through (tau=0.3),gumbel_softmax,,4,500,False,,-0.9704504013061523,0.9704504013061523,0.040189869701862335,3.5639407499693334,,1.7819703749846667,0.7472166371089544,1.933672308921814,256,,0.3,1.0,1e-06,straight_through,,,,,,False
Straight-Through (tau=0.3),gumbel_softmax,,4,1000,False,,-0.3342486023902893,0.3342486023902893,0.01576128974556923,3.5429546660743654,,3.5429546660743654,0.7472166371089544,1.933672308921814,256,,0.3,1.0,1e-06,straight_through,,,,,,False
Straight-Through (tau=0.3),gumbel_softmax,,4,2000,False,,-0.2372829169034958,0.2372829169034958,0.008345193229615688,3.4903313330141827,,6.9806626660283655,0.7472166371089544,1.933672308921814,256,,0.3,1.0,1e-06,straight_through,,,,,,False
Straight-Through (tau=0.3),gumbel_softmax,,4,5000,False,,-0.15825524926185608,0.15825524926185608,0.006056299898773432,3.4950568581931294,,17.475284290965647,0.7472166371089544,1.933672308921814,256,,0.3,1.0,1e-06,straight_through,,,,,,False
Straight-Through (tau=0.3),gumbel_softmax,,4,10000,False,,-0.11145387589931488,0.11145387589931488,0.005188345443457365,3.5803093416034244,,35.803093416034244,0.7472166371089544,1.933672308921814,256,,0.3,1.0,1e-06,straight_through,,,,,,False
Straight-Through (tau=0.3),gumbel_softmax,,3,200,False,,-3.153761386871338,3.153761386871338,0.09901464730501175,3.5824291699100286,,0.7164858339820057,0.5919669431953379,1.370780110359192,256,,0.3,1.0,1e-06,straight_through,,,,,,False
Straight-Through (tau=0.3),gumbel_softmax,,3,500,False,,-0.8289557695388794,0.8289557695388794,0.029730530455708504,3.5309509180951864,,1.7654754590475932,0.5919669431953379,1.370780110359192,256,,0.3,1.0,1e-06,straight_through,,,,,,False
Straight-Through (tau=0.3),gumbel_softmax,,3,1000,False,,-0.3786567151546478,0.3786567151546478,0.013775746338069439,3.5373487500473857,,3.5373487500473857,0.5919669431953379,1.370780110359192,256,,0.3,1.0,1e-06,straight_through,,,,,,False
Straight-Through (tau=0.3),gumbel_softmax,,3,2000,False,,-0.17826923727989197,0.17826923727989197,0.006234471220523119,3.5762593335239217,,7.152518667047843,0.5919669431953379,1.370780110359192,256,,0.3,1.0,1e-06,straight_through,,,,,,False
Straight-Through (tau=0.3),gumbel_softmax,,3,5000,False,,-0.07047049701213837,0.07047049701213837,0.003801154438406229,3.647132066800259,,18.235660334001295,0.5919669431953379,1.370780110359192,256,,0.3,1.0,1e-06,straight_through,,,,,,False
Straight-Through (tau=0.3),gumbel_softmax,,3,10000,False,,-0.054737746715545654,0.054737746715545654,0.003536612493917346,3.639984116703272,,36.39984116703272,0.5919669431953379,1.370780110359192,256,,0.3,1.0,1e-06,straight_through,,,,,,False
Straight-Through (tau=0.3),gumbel_softmax,,5,200,False,,-2.209494113922119,2.209494113922119,0.06910420209169388,3.98992229020223,,0.797984458040446,0.5194044137289198,1.1248748302459717,256,,0.3,1.0,1e-06,straight_through,,,,,,False
Straight-Through (tau=0.3),gumbel_softmax,,5,500,False,,-0.6654095649719238,0.6654095649719238,0.023555228486657143,3.85822208202444,,1.92911104101222,0.5194044137289198,1.1248748302459717,256,,0.3,1.0,1e-06,straight_through,,,,,,False
Straight-Through (tau=0.3),gumbel_softmax,,5,1000,False,,-0.3287913203239441,0.3287913203239441,0.013476641848683357,3.7431465829722583,,3.7431465829722583,0.5194044137289198,1.1248748302459717,256,,0.3,1.0,1e-06,straight_through,,,,,,False
Straight-Through (tau=0.3),gumbel_softmax,,5,2000,False,,-0.14952342212200165,0.14952342212200165,0.005210804287344217,3.621285291505046,,7.242570583010092,0.5194044137289198,1.1248748302459717,256,,0.3,1.0,1e-06,straight_through,,,,,,False
Straight-Through (tau=0.3),gumbel_softmax,,5,5000,False,,-0.04384825751185417,0.04384825751185417,0.0028637025970965624,3.7043338665971532,,18.521669332985766,0.5194044137289198,1.1248748302459717,256,,0.3,1.0,1e-06,straight_through,,,,,,False
Straight-Through (tau=0.3),gumbel_softmax,,5,10000,False,,-0.05095341429114342,0.05095341429114342,0.0029136163648217916,3.7102152250008658,,37.10215225000866,0.5194044137289198,1.1248748302459717,256,,0.3,1.0,1e-06,straight_through,,,,,,False
Straight-Through (tau=0.1),gumbel_softmax,,2,200,False,,-4.263969421386719,4.263969421386719,0.16949288547039032,3.7262806249782443,,0.7452561249956489,1.0465428488497233,2.6940457820892334,256,,0.1,1.0,1e-06,straight_through,,,,,,False
Straight-Through (tau=0.1),gumbel_softmax,,2,500,False,,-1.2171756029129028,1.2171756029129028,0.052767008543014526,3.6754703340120614,,1.8377351670060307,1.0465428488497233,2.6940457820892334,256,,0.1,1.0,1e-06,straight_through,,,,,,False
Straight-Through (tau=0.1),gumbel_softmax,,2,1000,False,,-0.43835681676864624,0.43835681676864624,0.02049786038696766,3.576149708009325,,3.576149708009325,1.0465428488497233,2.6940457820892334,256,,0.1,1.0,1e-06,straight_through,,,,,,False
Straight-Through (tau=0.1),gumbel_softmax,,2,2000,False,,-0.14905992150306702,0.14905992150306702,0.006886374205350876,3.6343290209770203,,7.2686580419540405,1.0465428488497233,2.6940457820892334,256,,0.1,1.0,1e-06,straight_through,,,,,,False
Straight-Through (tau=0.1),gumbel_softmax,,2,5000,False,,-0.06955428421497345,0.06955428421497345,0.004119163379073143,3.682997224992141,,18.414986124960706,1.0465428488497233,2.6940457820892334,256,,0.1,1.0,1e-06,straight_through,,,,,,False
Straight-Through (tau=0.1),gumbel_softmax,,2,10000,False,,-0.05510217323899269,0.05510217323899269,0.0030021476559340954,3.8502247583004645,,38.502247583004646,1.0465428488497233,2.6940457820892334,256,,0.1,1.0,1e-06,straight_through,,,,,,False
Straight-Through (tau=0.1),gumbel_softmax,,1,200,False,,-3.9839062690734863,3.9839062690734863,0.19967524707317352,3.657974789966829,,0.7315949579933658,1.0419772892554169,2.7344534397125244,256,,0.1,1.0,1e-06,straight_through,,,,,,False
Straight-Through (tau=0.1),gumbel_softmax,,1,500,False,,-0.98088538646698,0.98088538646698,0.050240710377693176,3.630728165851906,,1.815364082925953,1.0419772892554169,2.7344534397125244,256,,0.1,1.0,1e-06,straight_through,,,,,,False
Straight-Through (tau=0.1),gumbel_softmax,,1,1000,False,,-0.3656306266784668,0.3656306266784668,0.0168699249625206,3.6116797080030665,,3.6116797080030665,1.0419772892554169,2.7344534397125244,256,,0.1,1.0,1e-06,straight_through,,,,,,False
Straight-Through (tau=0.1),gumbel_softmax,,1,2000,False,,-0.1791374683380127,0.1791374683380127,0.0069547491148114204,3.7209878124995157,,7.441975624999031,1.0419772892554169,2.7344534397125244,256,,0.1,1.0,1e-06,straight_through,,,,,,False
Straight-Through (tau=0.1),gumbel_softmax,,1,5000,False,,-0.08889443427324295,0.08889443427324295,0.0044384850189089775,3.796348474989645,,18.981742374948226,1.0419772892554169,2.7344534397125244,256,,0.1,1.0,1e-06,straight_through,,,,,,False
Straight-Through (tau=0.1),gumbel_softmax,,1,10000,False,,-0.06387937068939209,0.06387937068939209,0.003513687988743186,3.82393845829647,,38.2393845829647,1.0419772892554169,2.7344534397125244,256,,0.1,1.0,1e-06,straight_through,,,,,,False
Straight-Through (tau=0.1),gumbel_softmax,,4,200,False,,-3.942932605743408,3.942932605743408,0.1334269642829895,3.6275729147018865,,0.7255145829403773,0.8910323418702928,2.4854555130004883,256,,0.1,1.0,1e-06,straight_through,,,,,,False
Straight-Through (tau=0.1),gumbel_softmax,,4,500,False,,-1.115098476409912,1.115098476409912,0.043525874614715576,3.7308069998398423,,1.8654034999199212,0.8910323418702928,2.4854555130004883,256,,0.1,1.0,1e-06,straight_through,,,,,,False
Straight-Through (tau=0.1),gumbel_softmax,,4,1000,False,,-0.3092634379863739,0.3092634379863739,0.018413500860333443,3.617867207969539,,3.617867207969539,0.8910323418702928,2.4854555130004883,256,,0.1,1.0,1e-06,straight_through,,,,,,False
Straight-Through (tau=0.1),gumbel_softmax,,4,2000,False,,-0.14977145195007324,0.14977145195007324,0.007821591570973396,3.581839416467119,,7.163678832934238,0.8910323418702928,2.4854555130004883,256,,0.1,1.0,1e-06,straight_through,,,,,,False
Straight-Through (tau=0.1),gumbel_softmax,,4,5000,False,,-0.06370840966701508,0.06370840966701508,0.0034775559324771166,3.768492216593586,,18.84246108296793,0.8910323418702928,2.4854555130004883,256,,0.1,1.0,1e-06,straight_through,,,,,,False
Straight-Through (tau=0.1),gumbel_softmax,,4,10000,False,,-0.035540636628866196,0.035540636628866196,0.0026424438692629337,3.834736745792907,,38.34736745792907,0.8910323418702928,2.4854555130004883,256,,0.1,1.0,1e-06,straight_through,,,,,,False
Straight-Through (tau=0.1),gumbel_softmax,,3,200,False,,-3.2450833320617676,3.2450833320617676,0.10447878390550613,3.52527437498793,,0.705054874997586,0.7192777997478225,1.8295152187347412,256,,0.1,1.0,1e-06,straight_through,,,,,,False
Straight-Through (tau=0.1),gumbel_softmax,,3,500,False,,-0.875068187713623,0.875068187713623,0.03286111354827881,3.4917883339803666,,1.7458941669901833,0.7192777997478225,1.8295152187347412,256,,0.1,1.0,1e-06,straight_through,,,,,,False
Straight-Through (tau=0.1),gumbel_softmax,,3,1000,False,,-0.36182135343551636,0.36182135343551636,0.013272603042423725,3.454034083057195,,3.454034083057195,0.7192777997478225,1.8295152187347412,256,,0.1,1.0,1e-06,straight_through,,,,,,False
Straight-Through (tau=0.1),gumbel_softmax,,3,2000,False,,-0.1623726636171341,0.1623726636171341,0.006090667564421892,3.4181079789996147,,6.836215957999229,0.7192777997478225,1.8295152187347412,256,,0.1,1.0,1e-06,straight_through,,,,,,False
Straight-Through (tau=0.1),gumbel_softmax,,3,5000,False,,-0.05366310104727745,0.05366310104727745,0.0034398618154227734,3.4878103166120127,,17.439051583060063,0.7192777997478225,1.8295152187347412,256,,0.1,1.0,1e-06,straight_through,,,,,,False
Straight-Through (tau=0.1),gumbel_softmax,,3,10000,False,,-0.04800066724419594,0.04800066724419594,0.0028343992307782173,3.605023420799989,,36.05023420799989,0.7192777997478225,1.8295152187347412,256,,0.1,1.0,1e-06,straight_through,,,,,,False
Straight-Through (tau=0.1),gumbel_softmax,,5,200,False,,-2.128784656524658,2.128784656524658,0.06719689071178436,3.5648072947515175,,0.7129614589503035,0.6278351761177949,1.4387301206588745,256,,0.1,1.0,1e-06,straight_through,,,,,,False
Straight-Through (tau=0.1),gumbel_softmax,,5,500,False,,-0.6544348001480103,0.6544348001480103,0.02578992024064064,3.5541060839314014,,1.7770530419657007,0.6278351761177949,1.4387301206588745,256,,0.1,1.0,1e-06,straight_through,,,,,,False
Straight-Through (tau=0.1),gumbel_softmax,,5,1000,False,,-0.30380961298942566,0.30380961298942566,0.010527018457651138,3.5410739169456065,,3.5410739169456065,0.6278351761177949,1.4387301206588745,256,,0.1,1.0,1e-06,straight_through,,,,,,False
Straight-Through (tau=0.1),gumbel_softmax,,5,2000,False,,-0.13406692445278168,0.13406692445278168,0.005097480490803719,3.50385149999056,,7.00770299998112,0.6278351761177949,1.4387301206588745,256,,0.1,1.0,1e-06,straight_through,,,,,,False
Straight-Through (tau=0.1),gumbel_softmax,,5,5000,False,,-0.048583462834358215,0.048583462834358215,0.002978791482746601,3.5771032749908045,,17.885516374954022,0.6278351761177949,1.4387301206588745,256,,0.1,1.0,1e-06,straight_through,,,,,,False
Straight-Through (tau=0.1),gumbel_softmax,,5,10000,False,,-0.050368353724479675,0.050368353724479675,0.002889852738007903,3.7632395667023957,,37.63239566702396,0.6278351761177949,1.4387301206588745,256,,0.1,1.0,1e-06,straight_through,,,,,,False
Straight-Through (annealed),gumbel_softmax,,2,200,False,,-4.050470352172852,4.050470352172852,0.1684691309928894,3.8170164602342993,,0.7634032920468599,0.6214496572516391,1.3321691751480103,256,,1.0,0.9995,0.3,straight_through,,,,,,False
Straight-Through (annealed),gumbel_softmax,,2,500,False,,-1.1033291816711426,1.1033291816711426,0.050586387515068054,4.512023749994114,,2.256011874997057,0.6214496572516391,1.3321691751480103,256,,1.0,0.9995,0.3,straight_through,,,,,,False
Straight-Through (annealed),gumbel_softmax,,2,1000,False,,-0.4022325575351715,0.4022325575351715,0.015011266805231571,4.281850500032306,,4.281850500032306,0.6214496572516391,1.3321691751480103,256,,1.0,0.9995,0.3,straight_through,,,,,,False
Straight-Through (annealed),gumbel_softmax,,2,2000,False,,-0.13356372714042664,0.13356372714042664,0.005631991196423769,4.03573481249623,,8.07146962499246,0.6214496572516391,1.3321691751480103,256,,1.0,0.9995,0.3,straight_through,,,,,,False
Straight-Through (annealed),gumbel_softmax,,2,5000,False,,-0.08383174240589142,0.08383174240589142,0.00440636370331049,3.942252733395435,,19.711263666977175,0.6214496572516391,1.3321691751480103,256,,1.0,0.9995,0.3,straight_through,,,,,,False
Straight-Through (annealed),gumbel_softmax,,2,10000,False,,-0.06593075394630432,0.06593075394630432,0.003355590160936117,3.9714374999981374,,39.71437499998137,0.6214496572516391,1.3321691751480103,256,,1.0,0.9995,0.3,straight_through,,,,,,False
Straight-Through (annealed),gumbel_softmax,,1,200,False,,-3.9587020874023438,3.9587020874023438,0.20627768337726593,3.6647983349394053,,0.7329596669878811,0.6458706675264408,1.4419089555740356,256,,1.0,0.9995,0.3,straight_through,,,,,,False
Straight-Through (annealed),gumbel_softmax,,1,500,False,,-0.9005232453346252,0.9005232453346252,0.049628932029008865,3.642930000089109,,1.8214650000445545,0.6458706675264408,1.4419089555740356,256,,1.0,0.9995,0.3,straight_through,,,,,,False
Straight-Through (annealed),gumbel_softmax,,1,1000,False,,-0.3115120232105255,0.3115120232105255,0.015757113695144653,3.674418583046645,,3.674418583046645,0.6458706675264408,1.4419089555740356,256,,1.0,0.9995,0.3,straight_through,,,,,,False
Straight-Through (annealed),gumbel_softmax,,1,2000,False,,-0.1582041084766388,0.1582041084766388,0.005836078897118568,3.6335397500079125,,7.267079500015825,0.6458706675264408,1.4419089555740356,256,,1.0,0.9995,0.3,straight_through,,,,,,False
Straight-Through (annealed),gumbel_softmax,,1,5000,False,,-0.09379823505878448,0.09379823505878448,0.0040054828859865665,3.8980923500144855,,19.490461750072427,0.6458706675264408,1.4419089555740356,256,,1.0,0.9995,0.3,straight_through,,,,,,False
Straight-Through (annealed),gumbel_softmax,,1,10000,False,,-0.08712856471538544,0.08712856471538544,0.00434853695333004,4.02499339170754,,40.249933917075396,0.6458706675264408,1.4419089555740356,256,,1.0,0.9995,0.3,straight_through,,,,,,False
Straight-Through (annealed),gumbel_softmax,,4,200,False,,-3.9404640197753906,3.9404640197753906,0.13576486706733704,3.7109214544761926,,0.7421842908952385,0.5899334189890564,1.2872490882873535,256,,1.0,0.9995,0.3,straight_through,,,,,,False
Straight-Through (annealed),gumbel_softmax,,4,500,False,,-0.8411882519721985,0.8411882519721985,0.035360902547836304,3.820793916005641,,1.9103969580028206,0.5899334189890564,1.2872490882873535,256,,1.0,0.9995,0.3,straight_through,,,,,,False
Straight-Through (annealed),gumbel_softmax,,4,1000,False,,-0.32754087448120117,0.32754087448120117,0.014532738365232944,3.7385079578962177,,3.7385079578962177,0.5899334189890564,1.2872490882873535,256,,1.0,0.9995,0.3,straight_through,,,,,,False
Straight-Through (annealed),gumbel_softmax,,4,2000,False,,-0.2631606459617615,0.2631606459617615,0.007688723970204592,3.690915249986574,,7.381830499973148,0.5899334189890564,1.2872490882873535,256,,1.0,0.9995,0.3,straight_through,,,,,,False
Straight-Through (annealed),gumbel_softmax,,4,5000,False,,-0.1826697736978531,0.1826697736978531,0.006664682645350695,3.805032374989241,,19.025161874946207,0.5899334189890564,1.2872490882873535,256,,1.0,0.9995,0.3,straight_through,,,,,,False
Straight-Through (annealed),gumbel_softmax,,4,10000,False,,-0.1471923291683197,0.1471923291683197,0.0062622083351016045,4.046158974990249,,40.46158974990249,0.5899334189890564,1.2872490882873535,256,,1.0,0.9995,0.3,straight_through,,,,,,False
Straight-Through (annealed),gumbel_softmax,,3,200,False,,-3.0979013442993164,3.0979013442993164,0.09893958270549774,4.10017937538214,,0.8200358750764281,0.4746767280355309,0.9059110879898071,256,,1.0,0.9995,0.3,straight_through,,,,,,False
Straight-Through (annealed),gumbel_softmax,,3,500,False,,-0.7327556610107422,0.7327556610107422,0.026923781260848045,4.214922084007412,,2.107461042003706,0.4746767280355309,0.9059110879898071,256,,1.0,0.9995,0.3,straight_through,,,,,,False
Straight-Through (annealed),gumbel_softmax,,3,1000,False,,-0.38973528146743774,0.38973528146743774,0.011735199950635433,4.177317709079944,,4.177317709079944,0.4746767280355309,0.9059110879898071,256,,1.0,0.9995,0.3,straight_through,,,,,,False
Straight-Through (annealed),gumbel_softmax,,3,2000,False,,-0.18295124173164368,0.18295124173164368,0.006383572239428759,3.8125951045076363,,7.625190209015273,0.4746767280355309,0.9059110879898071,256,,1.0,0.9995,0.3,straight_through,,,,,,False
Straight-Through (annealed),gumbel_softmax,,3,5000,False,,-0.08172909170389175,0.08172909170389175,0.0047125061973929405,3.767400308395736,,18.83700154197868,0.4746767280355309,0.9059110879898071,256,,1.0,0.9995,0.3,straight_through,,,,,,False
Straight-Through (annealed),gumbel_softmax,,3,10000,False,,-0.07038016617298126,0.07038016617298126,0.004390010144561529,3.8248396208975466,,38.248396208975464,0.4746767280355309,0.9059110879898071,256,,1.0,0.9995,0.3,straight_through,,,,,,False
Straight-Through (annealed),gumbel_softmax,,5,200,False,,-2.307180166244507,2.307180166244507,0.0707189217209816,3.5515793750528246,,0.7103158750105649,0.4407275703950484,0.840033769607544,256,,1.0,0.9995,0.3,straight_through,,,,,,False
Straight-Through (annealed),gumbel_softmax,,5,500,False,,-0.6491432785987854,0.6491432785987854,0.023581627756357193,3.7872085000853986,,1.8936042500426993,0.4407275703950484,0.840033769607544,256,,1.0,0.9995,0.3,straight_through,,,,,,False
Straight-Through (annealed),gumbel_softmax,,5,1000,False,,-0.3262586295604706,0.3262586295604706,0.012311043217778206,4.0605630410136655,,4.0605630410136655,0.4407275703950484,0.840033769607544,256,,1.0,0.9995,0.3,straight_through,,,,,,False
Straight-Through (annealed),gumbel_softmax,,5,2000,False,,-0.16813504695892334,0.16813504695892334,0.010747207328677177,3.831325562496204,,7.662651124992408,0.4407275703950484,0.840033769607544,256,,1.0,0.9995,0.3,straight_through,,,,,,False
Straight-Through (annealed),gumbel_softmax,,5,5000,False,,-0.058205559849739075,0.058205559849739075,0.00337151437997818,3.8140606000088155,,19.070303000044078,0.4407275703950484,0.840033769607544,256,,1.0,0.9995,0.3,straight_through,,,,,,False
Straight-Through (annealed),gumbel_softmax,,5,10000,False,,-0.06141168624162674,0.06141168624162674,0.0036285591777414083,3.912529025005642,,39.12529025005642,0.4407275703950484,0.840033769607544,256,,1.0,0.9995,0.3,straight_through,,,,,,False
ODE linear euler (steps=4),ode_transport,,2,200,False,,-3.60659122467041,3.60659122467041,0.18753556907176971,6.777947920490988,4.0,1.3555895840981975,2775154274.902648,6546949632.0,256,,,,,,4.0,linear,euler,,,True
ODE linear euler (steps=4),ode_transport,,2,500,False,,-1.0074269771575928,1.0074269771575928,0.05585523694753647,6.330994084011763,4.0,3.1654970420058817,2775154274.902648,6546949632.0,256,,,,,,4.0,linear,euler,,,True
ODE linear euler (steps=4),ode_transport,,2,1000,False,,-0.5051335096359253,0.5051335096359253,0.04189259186387062,6.174481209018268,4.0,6.174481209018268,2775154274.902648,6546949632.0,256,,,,,,4.0,linear,euler,,,True
ODE linear euler (steps=4),ode_transport,,2,2000,False,,-0.39852479100227356,0.39852479100227356,0.024796562269330025,6.330775667040143,4.0,12.661551334080286,2775154274.902648,6546949632.0,256,,,,,,4.0,linear,euler,,,True
ODE linear euler (steps=4),ode_transport,,2,5000,False,,-19.80519676208496,19.80519676208496,0.5118370652198792,6.578922566818074,4.0,32.89461283409037,2775154274.902648,6546949632.0,256,,,,,,4.0,linear,euler,,,True
ODE linear euler (steps=4),ode_transport,,2,10000,False,,-25.928804397583008,25.928804397583008,0.7354030013084412,6.779483695910312,4.0,67.79483695910312,2775154274.902648,6546949632.0,256,,,,,,4.0,linear,euler,,,True
ODE linear euler (steps=4),ode_transport,,1,200,False,,-3.5424299240112305,3.5424299240112305,0.1892397254705429,7.218328749877401,4.0,1.4436657499754801,36474370440.52588,214537437184.0,256,,,,,,4.0,linear,euler,,,True
ODE linear euler (steps=4),ode_transport,,1,500,False,,-1.1150586605072021,1.1150586605072021,0.06964705139398575,6.6368204180616885,4.0,3.3184102090308443,36474370440.52588,214537437184.0,256,,,,,,4.0,linear,euler,,,True
ODE linear euler (steps=4),ode_transport,,1,1000,False,,-0.6270614862442017,0.6270614862442017,0.05648741498589516,6.809318208950572,4.0,6.809318208950572,36474370440.52588,214537437184.0,256,,,,,,4.0,linear,euler,,,True
ODE linear euler (steps=4),ode_transport,,1,2000,False,,-0.37674248218536377,0.37674248218536377,0.026258699595928192,6.650731354486197,4.0,13.301462708972394,36474370440.52588,214537437184.0,256,,,,,,4.0,linear,euler,,,True
ODE linear euler (steps=4),ode_transport,,1,5000,False,,-7.909008026123047,7.909008026123047,0.1380768120288849,6.691259000007994,4.0,33.45629500003997,36474370440.52588,214537437184.0,256,,,,,,4.0,linear,euler,,,True
ODE linear euler (steps=4),ode_transport,,1,10000,False,,-139332.09375,139332.09375,7461.0869140625,6.891262287495192,4.0,68.91262287495192,36474370440.52588,214537437184.0,256,,,,,,4.0,linear,euler,,,True
ODE linear euler (steps=4),ode_transport,,4,200,False,,-3.0472896099090576,3.0472896099090576,0.12727314233779907,6.068975625094026,4.0,1.2137951250188053,7465313548.283948,36855345152.0,256,,,,,,4.0,linear,euler,,,True
ODE linear euler (steps=4),ode_transport,,4,500,False,,-0.9230721592903137,0.9230721592903137,0.06180478632450104,6.1146497500594705,4.0,3.0573248750297353,7465313548.283948,36855345152.0,256,,,,,,4.0,linear,euler,,,True
ODE linear euler (steps=4),ode_transport,,4,1000,False,,-0.5549304485321045,0.5549304485321045,0.0539437010884285,6.1828472079942,4.0,6.1828472079942,7465313548.283948,36855345152.0,256,,,,,,4.0,linear,euler,,,True
ODE linear euler (steps=4),ode_transport,,4,2000,False,,-0.47060123085975647,0.47060123085975647,0.029037553817033768,6.528884750034194,4.0,13.057769500068389,7465313548.283948,36855345152.0,256,,,,,,4.0,linear,euler,,,True
ODE linear euler (steps=4),ode_transport,,4,5000,False,,-287.1048278808594,287.1048278808594,14.32992172241211,6.807972641591914,4.0,34.03986320795957,7465313548.283948,36855345152.0,256,,,,,,4.0,linear,euler,,,True
ODE linear euler (steps=4),ode_transport,,4,10000,False,,-1988.6654052734375,1988.6654052734375,84.2822494506836,7.023261175001972,4.0,70.23261175001971,7465313548.283948,36855345152.0,256,,,,,,4.0,linear,euler,,,True
ODE linear euler (steps=4),ode_transport,,3,200,False,,-1.9718961715698242,1.9718961715698242,0.08039207011461258,5.98549208487384,4.0,1.197098416974768,2342368010.0307374,8135854592.0,256,,,,,,4.0,linear,euler,,,True
ODE linear euler (steps=4),ode_transport,,3,500,False,,-0.6448237895965576,0.6448237895965576,0.02712119370698929,6.020717000123113,4.0,3.0103585000615567,2342368010.0307374,8135854592.0,256,,,,,,4.0,linear,euler,,,True
ODE linear euler (steps=4),ode_transport,,3,1000,False,,-0.48344919085502625,0.48344919085502625,0.034803442656993866,6.919493875000626,4.0,6.919493875000626,2342368010.0307374,8135854592.0,256,,,,,,4.0,linear,euler,,,True
ODE linear euler (steps=4),ode_transport,,3,2000,False,,-0.3136867880821228,0.3136867880821228,0.016284538432955742,6.880058729031589,4.0,13.760117458063178,2342368010.0307374,8135854592.0,256,,,,,,4.0,linear,euler,,,True
ODE linear euler (steps=4),ode_transport,,3,5000,False,,-13.976099014282227,13.976099014282227,0.29540687799453735,7.096585241612047,4.0,35.482926208060235,2342368010.0307374,8135854592.0,256,,,,,,4.0,linear,euler,,,True
ODE linear euler (steps=4),ode_transport,,3,10000,False,,-23.946086883544922,23.946086883544922,0.8573768138885498,7.235667062504217,4.0,72.35667062504217,2342368010.0307374,8135854592.0,256,,,,,,4.0,linear,euler,,,True
ODE linear euler (steps=4),ode_transport,,5,200,False,,-1.6140542030334473,1.6140542030334473,0.06668455898761749,6.891897289897315,4.0,1.378379457979463,25644475928.29066,104175599616.0,256,,,,,,4.0,linear,euler,,,True
ODE linear euler (steps=4),ode_transport,,5,500,False,,-0.6815606951713562,0.6815606951713562,0.03137366846203804,6.6284994159359485,4.0,3.3142497079679742,25644475928.29066,104175599616.0,256,,,,,,4.0,linear,euler,,,True
ODE linear euler (steps=4),ode_transport,,5,1000,False,,-0.5371939539909363,0.5371939539909363,0.02042868360877037,7.373718083021231,4.0,7.373718083021231,25644475928.29066,104175599616.0,256,,,,,,4.0,linear,euler,,,True
ODE linear euler (steps=4),ode_transport,,5,2000,False,,-0.31853947043418884,0.31853947043418884,0.01929028332233429,7.130635729001369,4.0,14.261271458002739,25644475928.29066,104175599616.0,256,,,,,,4.0,linear,euler,,,True
ODE linear euler (steps=4),ode_transport,,5,5000,False,,-19513.697265625,19513.697265625,784.9273681640625,7.0689401000039656,4.0,35.344700500019826,25644475928.29066,104175599616.0,256,,,,,,4.0,linear,euler,,,True
ODE linear euler (steps=4),ode_transport,,5,10000,False,,-2190714.25,2190714.25,110929.078125,7.219542558293324,4.0,72.19542558293324,25644475928.29066,104175599616.0,256,,,,,,4.0,linear,euler,,,True
ODE linear euler (steps=8),ode_transport,,2,200,False,,-3.573820114135742,3.573820114135742,0.18140575289726257,8.870014584972523,8.0,1.7740029169945046,0.8652911638177438,2.2124056816101074,256,,,,,,8.0,linear,euler,,,False
ODE linear euler (steps=8),ode_transport,,2,500,False,,-0.9922512769699097,0.9922512769699097,0.05261854827404022,8.76629824982956,8.0,4.38314912491478,0.8652911638177438,2.2124056816101074,256,,,,,,8.0,linear,euler,,,False
ODE linear euler (steps=8),ode_transport,,2,1000,False,,-0.3944466710090637,0.3944466710090637,0.026664987206459045,8.727705458994024,8.0,8.727705458994024,0.8652911638177438,2.2124056816101074,256,,,,,,8.0,linear,euler,,,False
ODE linear euler (steps=8),ode_transport,,2,2000,False,,-0.17206713557243347,0.17206713557243347,0.01032761950045824,8.71670772950165,8.0,17.4334154590033,0.8652911638177438,2.2124056816101074,256,,,,,,8.0,linear,euler,,,False
ODE linear euler (steps=8),ode_transport,,2,5000,False,,-0.12043291330337524,0.12043291330337524,0.005747114773839712,9.063640266796574,8.0,45.31820133398287,0.8652911638177438,2.2124056816101074,256,,,,,,8.0,linear,euler,,,False
ODE linear euler (steps=8),ode_transport,,2,10000,False,,-0.12010453641414642,0.12010453641414642,0.0056423223577439785,9.525124000001233,8.0,95.25124000001233,0.8652911638177438,2.2124056816101074,256,,,,,,8.0,linear,euler,,,False
ODE linear euler (steps=8),ode_transport,,1,200,False,,-3.406240224838257,3.406240224838257,0.18644651770591736,8.815405420027673,8.0,1.7630810840055346,0.9191953592108925,2.1813740730285645,256,,,,,,8.0,linear,euler,,,False
ODE linear euler (steps=8),ode_transport,,1,500,False,,-0.9602860808372498,0.9602860808372498,0.055021874606609344,8.698668168159202,8.0,4.349334084079601,0.9191953592108925,2.1813740730285645,256,,,,,,8.0,linear,euler,,,False
ODE linear euler (steps=8),ode_transport,,1,1000,False,,-0.43203768134117126,0.43203768134117126,0.031390510499477386,8.655826000031084,8.0,8.655826000031084,0.9191953592108925,2.1813740730285645,256,,,,,,8.0,linear,euler,,,False
ODE linear euler (steps=8),ode_transport,,1,2000,False,,-0.15672333538532257,0.15672333538532257,0.00996860209852457,8.61986270849593,8.0,17.23972541699186,0.9191953592108925,2.1813740730285645,256,,,,,,8.0,linear,euler,,,False
ODE linear euler (steps=8),ode_transport,,1,5000,False,,-0.12142853438854218,0.12142853438854218,0.005044577177613974,8.797344833402894,8.0,43.98672416701447,0.9191953592108925,2.1813740730285645,256,,,,,,8.0,linear,euler,,,False
ODE linear euler (steps=8),ode_transport,,1,10000,False,,-0.11563444882631302,0.11563444882631302,0.005178513471037149,9.184983704204205,8.0,91.84983704204205,0.9191953592108925,2.1813740730285645,256,,,,,,8.0,linear,euler,,,False
ODE linear euler (steps=8),ode_transport,,4,200,False,,-2.900137424468994,2.900137424468994,0.11156000941991806,8.865491459728219,8.0,1.7730982919456437,0.7446536337682074,1.7993643283843994,256,,,,,,8.0,linear,euler,,,False
ODE linear euler (steps=8),ode_transport,,4,500,False,,-0.7321606874465942,0.7321606874465942,0.04010840505361557,8.731788917910308,8.0,4.365894458955154,0.7446536337682074,1.7993643283843994,256,,,,,,8.0,linear,euler,,,False
ODE linear euler (steps=8),ode_transport,,4,1000,False,,-0.3296188712120056,0.3296188712120056,0.023695416748523712,8.661168084014207,8.0,8.661168084014207,0.7446536337682074,1.7993643283843994,256,,,,,,8.0,linear,euler,,,False
ODE linear euler (steps=8),ode_transport,,4,2000,False,,-0.2283836454153061,0.2283836454153061,0.013358543626964092,8.643341749964748,8.0,17.286683499929495,0.7446536337682074,1.7993643283843994,256,,,,,,8.0,linear,euler,,,False
ODE linear euler (steps=8),ode_transport,,4,5000,False,,-0.12789830565452576,0.12789830565452576,0.005945244338363409,8.740464024990796,8.0,43.702320124953985,0.7446536337682074,1.7993643283843994,256,,,,,,8.0,linear,euler,,,False
ODE linear euler (steps=8),ode_transport,,4,10000,False,,-0.0763092041015625,0.0763092041015625,0.003824825631454587,9.131981562497094,8.0,91.31981562497094,0.7446536337682074,1.7993643283843994,256,,,,,,8.0,linear,euler,,,False
ODE linear euler (steps=8),ode_transport,,3,200,False,,-1.9928719997406006,1.9928719997406006,0.06909843534231186,8.672772499849088,8.0,1.7345544999698177,0.7103462546762854,1.6935443878173828,256,,,,,,8.0,linear,euler,,,False
ODE linear euler (steps=8),ode_transport,,3,500,False,,-0.635158360004425,0.635158360004425,0.02680586464703083,8.880812749965116,8.0,4.440406374982558,0.7103462546762854,1.6935443878173828,256,,,,,,8.0,linear,euler,,,False
ODE linear euler (steps=8),ode_transport,,3,1000,False,,-0.4439998269081116,0.4439998269081116,0.02426496334373951,8.872628999990411,8.0,8.872628999990411,0.7103462546762854,1.6935443878173828,256,,,,,,8.0,linear,euler,,,False
ODE linear euler (steps=8),ode_transport,,3,2000,False,,-0.2264298051595688,0.2264298051595688,0.015332633629441261,8.76391447946662,8.0,17.52782895893324,0.7103462546762854,1.6935443878173828,256,,,,,,8.0,linear,euler,,,False
ODE linear euler (steps=8),ode_transport,,3,5000,False,,-0.1233958750963211,0.1233958750963211,0.005356101784855127,8.69648211679887,8.0,43.48241058399435,0.7103462546762854,1.6935443878173828,256,,,,,,8.0,linear,euler,,,False
ODE linear euler (steps=8),ode_transport,,3,10000,False,,-0.13597866892814636,0.13597866892814636,0.005294360686093569,8.877410458400846,8.0,88.77410458400846,0.7103462546762854,1.6935443878173828,256,,,,,,8.0,linear,euler,,,False
ODE linear euler (steps=8),ode_transport,,5,200,False,,-1.612638235092163,1.612638235092163,0.06641896814107895,8.805570204858668,8.0,1.7611140409717336,0.6494792476944561,1.4233566522598267,256,,,,,,8.0,linear,euler,,,False
ODE linear euler (steps=8),ode_transport,,5,500,False,,-0.6326548457145691,0.6326548457145691,0.02647780254483223,8.70680774981156,8.0,4.35340387490578,0.6494792476944561,1.4233566522598267,256,,,,,,8.0,linear,euler,,,False
ODE linear euler (steps=8),ode_transport,,5,1000,False,,-0.5081216096878052,0.5081216096878052,0.015798252075910568,8.730412332923152,8.0,8.730412332923152,0.6494792476944561,1.4233566522598267,256,,,,,,8.0,linear,euler,,,False
ODE linear euler (steps=8),ode_transport,,5,2000,False,,-0.21602346003055573,0.21602346003055573,0.009073788300156593,8.642981916491408,8.0,17.285963832982816,0.6494792476944561,1.4233566522598267,256,,,,,,8.0,linear,euler,,,False
ODE linear euler (steps=8),ode_transport,,5,5000,False,,-0.09839178621768951,0.09839178621768951,0.004646234214305878,8.350722983200104,8.0,41.753614916000515,0.6494792476944561,1.4233566522598267,256,,,,,,8.0,linear,euler,,,False
ODE linear euler (steps=8),ode_transport,,5,10000,False,,-0.09003691375255585,0.09003691375255585,0.0042638955637812614,8.587247633293737,8.0,85.87247633293737,0.6494792476944561,1.4233566522598267,256,,,,,,8.0,linear,euler,,,False
ODE linear euler (steps=16),ode_transport,,2,200,False,,-3.5734918117523193,3.5734918117523193,0.17888803780078888,14.856679164804518,16.0,2.9713358329609036,0.9849558826396255,1.9008960723876953,256,,,,,,16.0,linear,euler,,,False
ODE linear euler (steps=16),ode_transport,,2,500,False,,-0.9774968028068542,0.9774968028068542,0.05048799887299538,14.92479341593571,16.0,7.462396707967855,0.9849558826396255,1.9008960723876953,256,,,,,,16.0,linear,euler,,,False
ODE linear euler (steps=16),ode_transport,,2,1000,False,,-0.37505489587783813,0.37505489587783813,0.02284025028347969,15.3897171249846,16.0,15.3897171249846,0.9849558826396255,1.9008960723876953,256,,,,,,16.0,linear,euler,,,False
ODE linear euler (steps=16),ode_transport,,2,2000,False,,-0.15362969040870667,0.15362969040870667,0.00837198831140995,15.190810978994705,16.0,30.38162195798941,0.9849558826396255,1.9008960723876953,256,,,,,,16.0,linear,euler,,,False
ODE linear euler (steps=16),ode_transport,,2,5000,False,,-0.08922146260738373,0.08922146260738373,0.004372605122625828,15.075114883389324,16.0,75.37557441694662,0.9849558826396255,1.9008960723876953,256,,,,,,16.0,linear,euler,,,False
ODE linear euler (steps=16),ode_transport,,2,10000,False,,-0.0810026079416275,0.0810026079416275,0.004884904716163874,15.501165087497792,16.0,155.01165087497793,0.9849558826396255,1.9008960723876953,256,,,,,,16.0,linear,euler,,,False
ODE linear euler (steps=16),ode_transport,,1,200,False,,-3.363025665283203,3.363025665283203,0.17556814849376678,17.36291478970088,16.0,3.472582957940176,0.7814613646806127,1.7877224683761597,256,,,,,,16.0,linear,euler,,,False
ODE linear euler (steps=16),ode_transport,,1,500,False,,-0.9329884052276611,0.9329884052276611,0.051838602870702744,16.427952833939344,16.0,8.213976416969672,0.7814613646806127,1.7877224683761597,256,,,,,,16.0,linear,euler,,,False
ODE linear euler (steps=16),ode_transport,,1,1000,False,,-0.39109283685684204,0.39109283685684204,0.02767132595181465,16.044336957973428,16.0,16.044336957973428,0.7814613646806127,1.7877224683761597,256,,,,,,16.0,linear,euler,,,False
ODE linear euler (steps=16),ode_transport,,1,2000,False,,-0.15179842710494995,0.15179842710494995,0.008701786398887634,15.433370020997245,16.0,30.86674004199449,0.7814613646806127,1.7877224683761597,256,,,,,,16.0,linear,euler,,,False
ODE linear euler (steps=16),ode_transport,,1,5000,False,,-0.0707767978310585,0.0707767978310585,0.003686771495267749,15.224401108408347,16.0,76.12200554204173,0.7814613646806127,1.7877224683761597,256,,,,,,16.0,linear,euler,,,False
ODE linear euler (steps=16),ode_transport,,1,10000,False,,-0.06405021250247955,0.06405021250247955,0.004859098233282566,15.49870229579974,16.0,154.9870229579974,0.7814613646806127,1.7877224683761597,256,,,,,,16.0,linear,euler,,,False
ODE linear euler (steps=16),ode_transport,,4,200,False,,-2.8774147033691406,2.8774147033691406,0.1054563820362091,15.047658750554547,16.0,3.0095317501109093,0.7134114992741036,1.6981281042099,256,,,,,,16.0,linear,euler,,,False
ODE linear euler (steps=16),ode_transport,,4,500,False,,-0.6819881200790405,0.6819881200790405,0.032879218459129333,15.825689332094043,16.0,7.912844666047022,0.7134114992741036,1.6981281042099,256,,,,,,16.0,linear,euler,,,False
ODE linear euler (steps=16),ode_transport,,4,1000,False,,-0.3093605935573578,0.3093605935573578,0.017543233931064606,16.142936458112672,16.0,16.142936458112672,0.7134114992741036,1.6981281042099,256,,,,,,16.0,linear,euler,,,False
ODE linear euler (steps=16),ode_transport,,4,2000,False,,-0.2110452950000763,0.2110452950000763,0.010758008807897568,15.43959231255576,16.0,30.87918462511152,0.7134114992741036,1.6981281042099,256,,,,,,16.0,linear,euler,,,False
ODE linear euler (steps=16),ode_transport,,4,5000,False,,-0.11462432891130447,0.11462432891130447,0.005101760383695364,15.187472041603177,16.0,75.93736020801589,0.7134114992741036,1.6981281042099,256,,,,,,16.0,linear,euler,,,False
ODE linear euler (steps=16),ode_transport,,4,10000,False,,-0.04994739964604378,0.04994739964604378,0.0029510888271033764,15.421563779108691,16.0,154.21563779108692,0.7134114992741036,1.6981281042099,256,,,,,,16.0,linear,euler,,,False
ODE linear euler (steps=16),ode_transport,,3,200,False,,-2.0676164627075195,2.0676164627075195,0.0697830468416214,15.37934124993626,16.0,3.075868249987252,0.6860753746077295,1.3681037425994873,256,,,,,,16.0,linear,euler,,,False
ODE linear euler (steps=16),ode_transport,,3,500,False,,-0.6611753106117249,0.6611753106117249,0.028471626341342926,14.836848750011995,16.0,7.418424375005998,0.6860753746077295,1.3681037425994873,256,,,,,,16.0,linear,euler,,,False
ODE linear euler (steps=16),ode_transport,,3,1000,False,,-0.42534443736076355,0.42534443736076355,0.02254500240087509,14.780079874908552,16.0,14.780079874908552,0.6860753746077295,1.3681037425994873,256,,,,,,16.0,linear,euler,,,False
ODE linear euler (steps=16),ode_transport,,3,2000,False,,-0.21546770632266998,0.21546770632266998,0.011898360215127468,15.067281999974512,16.0,30.134563999949023,0.6860753746077295,1.3681037425994873,256,,,,,,16.0,linear,euler,,,False
ODE linear euler (steps=16),ode_transport,,3,5000,False,,-0.10081712901592255,0.10081712901592255,0.00540180504322052,15.253013866790571,16.0,76.26506933395285,0.6860753746077295,1.3681037425994873,256,,,,,,16.0,linear,euler,,,False
ODE linear euler (steps=16),ode_transport,,3,10000,False,,-0.09992359578609467,0.09992359578609467,0.005161555949598551,15.19601879999973,16.0,151.9601879999973,0.6860753746077295,1.3681037425994873,256,,,,,,16.0,linear,euler,,,False
ODE linear euler (steps=16),ode_transport,,5,200,False,,-1.61716890335083,1.61716890335083,0.0643044114112854,15.800594165339135,16.0,3.160118833067827,0.5232916939107791,1.006978988647461,256,,,,,,16.0,linear,euler,,,False
ODE linear euler (steps=16),ode_transport,,5,500,False,,-0.6225555539131165,0.6225555539131165,0.024948447942733765,14.918920416152105,16.0,7.459460208076052,0.5232916939107791,1.006978988647461,256,,,,,,16.0,linear,euler,,,False
ODE linear euler (steps=16),ode_transport,,5,1000,False,,-0.5023184418678284,0.5023184418678284,0.015131108462810516,14.795651916996576,16.0,14.795651916996576,0.5232916939107791,1.006978988647461,256,,,,,,16.0,linear,euler,,,False
ODE linear euler (steps=16),ode_transport,,5,2000,False,,-0.20533239841461182,0.20533239841461182,0.007187350187450647,15.264908250013832,16.0,30.529816500027664,0.5232916939107791,1.006978988647461,256,,,,,,16.0,linear,euler,,,False
ODE linear euler (steps=16),ode_transport,,5,5000,False,,-0.0940508246421814,0.0940508246421814,0.005805958993732929,15.309690241608768,16.0,76.54845120804384,0.5232916939107791,1.006978988647461,256,,,,,,16.0,linear,euler,,,False
ODE linear euler (steps=16),ode_transport,,5,10000,False,,-0.06538877636194229,0.06538877636194229,0.0034586491528898478,15.181950358301401,16.0,151.819503583014,0.5232916939107791,1.006978988647461,256,,,,,,16.0,linear,euler,,,False
ODE linear euler (steps=32),ode_transport,,2,200,False,,-3.5887465476989746,3.5887465476989746,0.1779605895280838,27.389570625382476,32.0,5.477914125076495,0.7886781248442531,1.8687052726745605,256,,,,,,32.0,linear,euler,,,False
ODE linear euler (steps=32),ode_transport,,2,500,False,,-0.9756228923797607,0.9756228923797607,0.049747731536626816,29.801079500000924,32.0,14.900539750000462,0.7886781248442531,1.8687052726745605,256,,,,,,32.0,linear,euler,,,False
ODE linear euler (steps=32),ode_transport,,2,1000,False,,-0.36791402101516724,0.36791402101516724,0.02139919623732567,27.840108582982793,32.0,27.840108582982793,0.7886781248442531,1.8687052726745605,256,,,,,,32.0,linear,euler,,,False
ODE linear euler (steps=32),ode_transport,,2,2000,False,,-0.15008018910884857,0.15008018910884857,0.0074604046531021595,26.795009104011115,32.0,53.59001820802223,0.7886781248442531,1.8687052726745605,256,,,,,,32.0,linear,euler,,,False
ODE linear euler (steps=32),ode_transport,,2,5000,False,,-0.08642704039812088,0.08642704039812088,0.0041058119386434555,25.97491250820458,32.0,129.8745625410229,0.7886781248442531,1.8687052726745605,256,,,,,,32.0,linear,euler,,,False
ODE linear euler (steps=32),ode_transport,,2,10000,False,,-0.07038193196058273,0.07038193196058273,0.004609097260981798,25.778437554102858,32.0,257.78437554102857,0.7886781248442531,1.8687052726745605,256,,,,,,32.0,linear,euler,,,False
ODE linear euler (steps=32),ode_transport,,1,200,False,,-3.35863995552063,3.35863995552063,0.17434553802013397,26.634911249857396,32.0,5.326982249971479,0.7728364627054781,1.7608370780944824,256,,,,,,32.0,linear,euler,,,False
ODE linear euler (steps=32),ode_transport,,1,500,False,,-0.9323340058326721,0.9323340058326721,0.049324773252010345,28.122365165967494,32.0,14.061182582983747,0.7728364627054781,1.7608370780944824,256,,,,,,32.0,linear,euler,,,False
ODE linear euler (steps=32),ode_transport,,1,1000,False,,-0.3641447126865387,0.3641447126865387,0.02139909565448761,27.12271091598086,32.0,27.12271091598086,0.7728364627054781,1.7608370780944824,256,,,,,,32.0,linear,euler,,,False
ODE linear euler (steps=32),ode_transport,,1,2000,False,,-0.14813248813152313,0.14813248813152313,0.008102143183350563,27.389189437497407,32.0,54.778378874994814,0.7728364627054781,1.7608370780944824,256,,,,,,32.0,linear,euler,,,False
ODE linear euler (steps=32),ode_transport,,1,5000,False,,-0.06553205847740173,0.06553205847740173,0.003283656667917967,26.266608333191833,32.0,131.33304166595917,0.7728364627054781,1.7608370780944824,256,,,,,,32.0,linear,euler,,,False
ODE linear euler (steps=32),ode_transport,,1,10000,False,,-0.06764879077672958,0.06764879077672958,0.0045372978784143925,25.93420871659182,32.0,259.3420871659182,0.7728364627054781,1.7608370780944824,256,,,,,,32.0,linear,euler,,,False
ODE linear euler (steps=32),ode_transport,,4,200,False,,-2.8582849502563477,2.8582849502563477,0.10367685556411743,27.116592500242405,32.0,5.423318500048481,0.6996243472357545,1.532938003540039,256,,,,,,32.0,linear,euler,,,False
ODE linear euler (steps=32),ode_transport,,4,500,False,,-0.6775661706924438,0.6775661706924438,0.031038515269756317,27.562712667975575,32.0,13.781356333987787,0.6996243472357545,1.532938003540039,256,,,,,,32.0,linear,euler,,,False
ODE linear euler (steps=32),ode_transport,,4,1000,False,,-0.2947656512260437,0.2947656512260437,0.015943758189678192,27.100679374998435,32.0,27.100679374998435,0.6996243472357545,1.532938003540039,256,,,,,,32.0,linear,euler,,,False
ODE linear euler (steps=32),ode_transport,,4,2000,False,,-0.20838478207588196,0.20838478207588196,0.008395981974899769,27.38866777101066,32.0,54.77733554202132,0.6996243472357545,1.532938003540039,256,,,,,,32.0,linear,euler,,,False
ODE linear euler (steps=32),ode_transport,,4,5000,False,,-0.13679072260856628,0.13679072260856628,0.005641199182718992,26.20756624180358,32.0,131.0378312090179,0.6996243472357545,1.532938003540039,256,,,,,,32.0,linear,euler,,,False
ODE linear euler (steps=32),ode_transport,,4,10000,False,,-0.0714251697063446,0.0714251697063446,0.003559323726221919,25.89255857920507,32.0,258.9255857920507,0.6996243472357545,1.532938003540039,256,,,,,,32.0,linear,euler,,,False
ODE linear euler (steps=32),ode_transport,,3,200,False,,-2.0927281379699707,2.0927281379699707,0.06964682787656784,25.84166583546903,32.0,5.168333167093806,0.6508643367107887,1.2705180644989014,256,,,,,,32.0,linear,euler,,,False
ODE linear euler (steps=32),ode_transport,,3,500,False,,-0.6519959568977356,0.6519959568977356,0.027203941717743874,27.763683333992958,32.0,13.881841666996479,0.6508643367107887,1.2705180644989014,256,,,,,,32.0,linear,euler,,,False
ODE linear euler (steps=32),ode_transport,,3,1000,False,,-0.4166801869869232,0.4166801869869232,0.021172072738409042,28.079278125078417,32.0,28.079278125078417,0.6508643367107887,1.2705180644989014,256,,,,,,32.0,linear,euler,,,False
ODE linear euler (steps=32),ode_transport,,3,2000,False,,-0.21079792082309723,0.21079792082309723,0.010653628967702389,27.70923825004138,32.0,55.41847650008276,0.6508643367107887,1.2705180644989014,256,,,,,,32.0,linear,euler,,,False
ODE linear euler (steps=32),ode_transport,,3,5000,False,,-0.10093443095684052,0.10093443095684052,0.005439223255962133,26.777144866809248,32.0,133.88572433404624,0.6508643367107887,1.2705180644989014,256,,,,,,32.0,linear,euler,,,False
ODE linear euler (steps=32),ode_transport,,3,10000,False,,-0.08750235289335251,0.08750235289335251,0.005186073482036591,26.28940448340727,32.0,262.8940448340727,0.6508643367107887,1.2705180644989014,256,,,,,,32.0,linear,euler,,,False
ODE linear euler (steps=32),ode_transport,,5,200,False,,-1.6242530345916748,1.6242530345916748,0.06394854933023453,29.83185916498769,32.0,5.966371832997538,0.5606311285858416,1.0615957975387573,256,,,,,,32.0,linear,euler,,,False
ODE linear euler (steps=32),ode_transport,,5,500,False,,-0.6160920262336731,0.6160920262336731,0.024213438853621483,28.926707583945245,32.0,14.463353791972622,0.5606311285858416,1.0615957975387573,256,,,,,,32.0,linear,euler,,,False
ODE linear euler (steps=32),ode_transport,,5,1000,False,,-0.4949122369289398,0.4949122369289398,0.01439407467842102,28.395836082985625,32.0,28.395836082985625,0.5606311285858416,1.0615957975387573,256,,,,,,32.0,linear,euler,,,False
ODE linear euler (steps=32),ode_transport,,5,2000,False,,-0.20169836282730103,0.20169836282730103,0.006821214221417904,27.727382624987513,32.0,55.454765249975026,0.5606311285858416,1.0615957975387573,256,,,,,,32.0,linear,euler,,,False
ODE linear euler (steps=32),ode_transport,,5,5000,False,,-0.09512968361377716,0.09512968361377716,0.005452860612422228,26.699403174989857,32.0,133.49701587494928,0.5606311285858416,1.0615957975387573,256,,,,,,32.0,linear,euler,,,False
ODE linear euler (steps=32),ode_transport,,5,10000,False,,-0.06659585982561111,0.06659585982561111,0.0033808471634984016,26.100097379193176,32.0,261.00097379193176,0.5606311285858416,1.0615957975387573,256,,,,,,32.0,linear,euler,,,False
ODE linear midpoint (steps=4),ode_transport,ode_linear_midpoint4,2,200,False,,-3.6123929023742676,3.6123929023742676,0.17828767001628876,8.854262500535697,8.0,1.7708525001071393,0.8252961155402996,2.0664844512939453,256,,,,,,4.0,linear,midpoint,,,False
ODE linear midpoint (steps=4),ode_transport,ode_linear_midpoint4,2,500,False,,-0.9765518307685852,0.9765518307685852,0.049375612288713455,8.947063084226102,8.0,4.473531542113051,0.8252961155402996,2.0664844512939453,256,,,,,,4.0,linear,midpoint,,,False
ODE linear midpoint (steps=4),ode_transport,ode_linear_midpoint4,2,1000,False,,-0.37038159370422363,0.37038159370422363,0.021026967093348503,8.83989820908755,8.0,8.83989820908755,0.8252961155402996,2.0664844512939453,256,,,,,,4.0,linear,midpoint,,,False
ODE linear midpoint (steps=4),ode_transport,ode_linear_midpoint4,2,2000,False,,-0.14673011004924774,0.14673011004924774,0.006735383998602629,8.758887833508197,8.0,17.517775667016394,0.8252961155402996,2.0664844512939453,256,,,,,,4.0,linear,midpoint,,,False
ODE linear midpoint (steps=4),ode_transport,ode_linear_midpoint4,2,5000,False,,-0.08828063309192657,0.08828063309192657,0.004138911608606577,9.114456666819752,8.0,45.572283334098756,0.8252961155402996,2.0664844512939453,256,,,,,,4.0,linear,midpoint,,,False
ODE linear midpoint (steps=4),ode_transport,ode_linear_midpoint4,2,10000,False,,-0.07444736361503601,0.07444736361503601,0.004290400538593531,9.07858155000722,8.0,90.7858155000722,0.8252961155402996,2.0664844512939453,256,,,,,,4.0,linear,midpoint,,,False
ODE linear midpoint (steps=4),ode_transport,ode_linear_midpoint4,1,200,False,,-3.348374366760254,3.348374366760254,0.17345201969146729,8.820919170393609,8.0,1.7641838340787217,0.7799599528247124,1.8396738767623901,256,,,,,,4.0,linear,midpoint,,,False
ODE linear midpoint (steps=4),ode_transport,ode_linear_midpoint4,1,500,False,,-0.9305751323699951,0.9305751323699951,0.04887304827570915,8.747637249995023,8.0,4.3738186249975115,0.7799599528247124,1.8396738767623901,256,,,,,,4.0,linear,midpoint,,,False
ODE linear midpoint (steps=4),ode_transport,ode_linear_midpoint4,1,1000,False,,-0.366751492023468,0.366751492023468,0.020893407985568047,8.6982010420179,8.0,8.6982010420179,0.7799599528247124,1.8396738767623901,256,,,,,,4.0,linear,midpoint,,,False
ODE linear midpoint (steps=4),ode_transport,ode_linear_midpoint4,1,2000,False,,-0.14397627115249634,0.14397627115249634,0.007625890430063009,8.806200749997515,8.0,17.61240149999503,0.7799599528247124,1.8396738767623901,256,,,,,,4.0,linear,midpoint,,,False
ODE linear midpoint (steps=4),ode_transport,ode_linear_midpoint4,1,5000,False,,-0.06999935954809189,0.06999935954809189,0.003256061812862754,8.837398808402941,8.0,44.1869940420147,0.7799599528247124,1.8396738767623901,256,,,,,,4.0,linear,midpoint,,,False
ODE linear midpoint (steps=4),ode_transport,ode_linear_midpoint4,1,10000,False,,-0.06443081796169281,0.06443081796169281,0.004013385158032179,9.099492625007406,8.0,90.99492625007406,0.7799599528247124,1.8396738767623901,256,,,,,,4.0,linear,midpoint,,,False
ODE linear midpoint (steps=4),ode_transport,ode_linear_midpoint4,4,200,False,,-2.8413610458374023,2.8413610458374023,0.10243572294712067,8.922780210268684,8.0,1.7845560420537367,0.8689610203006377,1.8423898220062256,256,,,,,,4.0,linear,midpoint,,,False
ODE linear midpoint (steps=4),ode_transport,ode_linear_midpoint4,4,500,False,,-0.6897988319396973,0.6897988319396973,0.030946113169193268,8.821577334078029,8.0,4.410788667039014,0.8689610203006377,1.8423898220062256,256,,,,,,4.0,linear,midpoint,,,False
ODE linear midpoint (steps=4),ode_transport,ode_linear_midpoint4,4,1000,False,,-0.29616692662239075,0.29616692662239075,0.015448400750756264,8.752997667063028,8.0,8.752997667063028,0.8689610203006377,1.8423898220062256,256,,,,,,4.0,linear,midpoint,,,False
ODE linear midpoint (steps=4),ode_transport,ode_linear_midpoint4,4,2000,False,,-0.20917677879333496,0.20917677879333496,0.007939239963889122,8.764976604026742,8.0,17.529953208053485,0.8689610203006377,1.8423898220062256,256,,,,,,4.0,linear,midpoint,,,False
ODE linear midpoint (steps=4),ode_transport,ode_linear_midpoint4,4,5000,False,,-0.10159052163362503,0.10159052163362503,0.004805637989193201,8.807081250008196,8.0,44.03540625004098,0.8689610203006377,1.8423898220062256,256,,,,,,4.0,linear,midpoint,,,False
ODE linear midpoint (steps=4),ode_transport,ode_linear_midpoint4,4,10000,False,,-0.04293482005596161,0.04293482005596161,0.0026301119942218065,9.100448562495876,8.0,91.00448562495876,0.8689610203006377,1.8423898220062256,256,,,,,,4.0,linear,midpoint,,,False
ODE linear midpoint (steps=4),ode_transport,ode_linear_midpoint4,3,200,False,,-2.1216087341308594,2.1216087341308594,0.06999315321445465,9.007839999976568,8.0,1.8015679999953136,0.6208979783632043,1.3385136127471924,256,,,,,,4.0,linear,midpoint,,,False
ODE linear midpoint (steps=4),ode_transport,ode_linear_midpoint4,3,500,False,,-0.6675370335578918,0.6675370335578918,0.027825236320495605,8.894304833840579,8.0,4.447152416920289,0.6208979783632043,1.3385136127471924,256,,,,,,4.0,linear,midpoint,,,False
ODE linear midpoint (steps=4),ode_transport,ode_linear_midpoint4,3,1000,False,,-0.42025303840637207,0.42025303840637207,0.020902855321764946,8.834694207995199,8.0,8.834694207995199,0.6208979783632043,1.3385136127471924,256,,,,,,4.0,linear,midpoint,,,False
ODE linear midpoint (steps=4),ode_transport,ode_linear_midpoint4,3,2000,False,,-0.20643121004104614,0.20643121004104614,0.009563089348375797,8.904751270951238,8.0,17.809502541902475,0.6208979783632043,1.3385136127471924,256,,,,,,4.0,linear,midpoint,,,False
ODE linear midpoint (steps=4),ode_transport,ode_linear_midpoint4,3,5000,False,,-0.10037225484848022,0.10037225484848022,0.005064000841230154,8.80568411659915,8.0,44.02842058299575,0.6208979783632043,1.3385136127471924,256,,,,,,4.0,linear,midpoint,,,False
ODE linear midpoint (steps=4),ode_transport,ode_linear_midpoint4,3,10000,False,,-0.08311159163713455,0.08311159163713455,0.004353824071586132,9.113751295791008,8.0,91.13751295791008,0.6208979783632043,1.3385136127471924,256,,,,,,4.0,linear,midpoint,,,False
ODE linear midpoint (steps=4),ode_transport,ode_linear_midpoint4,5,200,False,,-1.6273553371429443,1.6273553371429443,0.06382298469543457,8.927690829732455,8.0,1.785538165946491,0.5453215723518502,1.1172598600387573,256,,,,,,4.0,linear,midpoint,,,False
ODE linear midpoint (steps=4),ode_transport,ode_linear_midpoint4,5,500,False,,-0.6155637502670288,0.6155637502670288,0.02409549057483673,8.815381749998778,8.0,4.407690874999389,0.5453215723518502,1.1172598600387573,256,,,,,,4.0,linear,midpoint,,,False
ODE linear midpoint (steps=4),ode_transport,ode_linear_midpoint4,5,1000,False,,-0.4925196170806885,0.4925196170806885,0.01412737462669611,8.937538207974285,8.0,8.937538207974285,0.5453215723518502,1.1172598600387573,256,,,,,,4.0,linear,midpoint,,,False
ODE linear midpoint (steps=4),ode_transport,ode_linear_midpoint4,5,2000,False,,-0.2009258270263672,0.2009258270263672,0.006589074619114399,8.902366207970772,8.0,17.804732415941544,0.5453215723518502,1.1172598600387573,256,,,,,,4.0,linear,midpoint,,,False
ODE linear midpoint (steps=4),ode_transport,ode_linear_midpoint4,5,5000,False,,-0.09266449511051178,0.09266449511051178,0.005069707985967398,8.825476658181287,8.0,44.12738329090644,0.5453215723518502,1.1172598600387573,256,,,,,,4.0,linear,midpoint,,,False
ODE linear midpoint (steps=4),ode_transport,ode_linear_midpoint4,5,10000,False,,-0.0779639258980751,0.0779639258980751,0.0033520732540637255,9.046402529091575,8.0,90.46402529091574,0.5453215723518502,1.1172598600387573,256,,,,,,4.0,linear,midpoint,,,False
ODE linear midpoint (steps=8),ode_transport,,2,200,False,,-3.6098592281341553,3.6098592281341553,0.17746518552303314,14.105552705004811,16.0,2.8211105410009623,0.8153151339814909,1.9754685163497925,256,,,,,,8.0,linear,midpoint,,,False
ODE linear midpoint (steps=8),ode_transport,,2,500,False,,-0.9777825474739075,0.9777825474739075,0.04919969663023949,13.97907408210449,16.0,6.989537041052245,0.8153151339814909,1.9754685163497925,256,,,,,,8.0,linear,midpoint,,,False
ODE linear midpoint (steps=8),ode_transport,,2,1000,False,,-0.37133732438087463,0.37133732438087463,0.020545843988656998,13.91503654094413,16.0,13.91503654094413,0.8153151339814909,1.9754685163497925,256,,,,,,8.0,linear,midpoint,,,False
ODE linear midpoint (steps=8),ode_transport,,2,2000,False,,-0.14958316087722778,0.14958316087722778,0.00727516133338213,13.88526772899786,16.0,27.77053545799572,0.8153151339814909,1.9754685163497925,256,,,,,,8.0,linear,midpoint,,,False
ODE linear midpoint (steps=8),ode_transport,,2,5000,False,,-0.08570438623428345,0.08570438623428345,0.003971165511757135,13.93020484999288,16.0,69.6510242499644,0.8153151339814909,1.9754685163497925,256,,,,,,8.0,linear,midpoint,,,False
ODE linear midpoint (steps=8),ode_transport,,2,10000,False,,-0.06907077878713608,0.06907077878713608,0.004497182555496693,13.983847820805385,16.0,139.83847820805386,0.8153151339814909,1.9754685163497925,256,,,,,,8.0,linear,midpoint,,,False
ODE linear midpoint (steps=8),ode_transport,,1,200,False,,-3.3556084632873535,3.3556084632873535,0.17329424619674683,14.048263125005178,16.0,2.8096526250010356,0.7584647745022165,1.8502439260482788,256,,,,,,8.0,linear,midpoint,,,False
ODE linear midpoint (steps=8),ode_transport,,1,500,False,,-0.9300810098648071,0.9300810098648071,0.04869390279054642,13.92734608380124,16.0,6.96367304190062,0.7584647745022165,1.8502439260482788,256,,,,,,8.0,linear,midpoint,,,False
ODE linear midpoint (steps=8),ode_transport,,1,1000,False,,-0.3573974370956421,0.3573974370956421,0.02022971771657467,13.877946208929643,16.0,13.877946208929643,0.7584647745022165,1.8502439260482788,256,,,,,,8.0,linear,midpoint,,,False
ODE linear midpoint (steps=8),ode_transport,,1,2000,False,,-0.1515112668275833,0.1515112668275833,0.007661225739866495,13.858673270966392,16.0,27.717346541932784,0.7584647745022165,1.8502439260482788,256,,,,,,8.0,linear,midpoint,,,False
ODE linear midpoint (steps=8),ode_transport,,1,5000,False,,-0.06781642884016037,0.06781642884016037,0.0034787349868565798,13.925156849995256,16.0,69.62578424997628,0.7584647745022165,1.8502439260482788,256,,,,,,8.0,linear,midpoint,,,False
ODE linear midpoint (steps=8),ode_transport,,1,10000,False,,-0.058723341673612595,0.058723341673612595,0.00452312920242548,14.057260512490757,16.0,140.57260512490757,0.7584647745022165,1.8502439260482788,256,,,,,,8.0,linear,midpoint,,,False
ODE linear midpoint (steps=8),ode_transport,,4,200,False,,-2.845141649246216,2.845141649246216,0.10190200805664062,14.06046416494064,16.0,2.812092832988128,0.8305076233742417,1.7011933326721191,256,,,,,,8.0,linear,midpoint,,,False
ODE linear midpoint (steps=8),ode_transport,,4,500,False,,-0.6878015398979187,0.6878015398979187,0.03070227801799774,13.964109583990648,16.0,6.982054791995324,0.8305076233742417,1.7011933326721191,256,,,,,,8.0,linear,midpoint,,,False
ODE linear midpoint (steps=8),ode_transport,,4,1000,False,,-0.290031373500824,0.290031373500824,0.014526897110044956,13.922938500065356,16.0,13.922938500065356,0.8305076233742417,1.7011933326721191,256,,,,,,8.0,linear,midpoint,,,False
ODE linear midpoint (steps=8),ode_transport,,4,2000,False,,-0.20619681477546692,0.20619681477546692,0.009078278206288815,13.89893047901569,16.0,27.79786095803138,0.8305076233742417,1.7011933326721191,256,,,,,,8.0,linear,midpoint,,,False
ODE linear midpoint (steps=8),ode_transport,,4,5000,False,,-0.10116934776306152,0.10116934776306152,0.004846038296818733,13.908444975013845,16.0,69.54222487506922,0.8305076233742417,1.7011933326721191,256,,,,,,8.0,linear,midpoint,,,False
ODE linear midpoint (steps=8),ode_transport,,4,10000,False,,-0.047989387065172195,0.047989387065172195,0.0027977782301604748,14.019634191703517,16.0,140.19634191703517,0.8305076233742417,1.7011933326721191,256,,,,,,8.0,linear,midpoint,,,False
ODE linear midpoint (steps=8),ode_transport,,3,200,False,,-2.136518716812134,2.136518716812134,0.07017794251441956,14.275507919955999,16.0,2.8551015839911997,0.6119955264433433,1.223500370979309,256,,,,,,8.0,linear,midpoint,,,False
ODE linear midpoint (steps=8),ode_transport,,3,500,False,,-0.6714966297149658,0.6714966297149658,0.0275468360632658,14.49013641779311,16.0,7.245068208896555,0.6119955264433433,1.223500370979309,256,,,,,,8.0,linear,midpoint,,,False
ODE linear midpoint (steps=8),ode_transport,,3,1000,False,,-0.4154374599456787,0.4154374599456787,0.02033010497689247,14.546442874940112,16.0,14.546442874940112,0.6119955264433433,1.223500370979309,256,,,,,,8.0,linear,midpoint,,,False
ODE linear midpoint (steps=8),ode_transport,,3,2000,False,,-0.20877403020858765,0.20877403020858765,0.00969395786523819,14.204599687480368,16.0,28.409199374960735,0.6119955264433433,1.223500370979309,256,,,,,,8.0,linear,midpoint,,,False
ODE linear midpoint (steps=8),ode_transport,,3,5000,False,,-0.1022748127579689,0.1022748127579689,0.004925110377371311,13.997223458392545,16.0,69.98611729196273,0.6119955264433433,1.223500370979309,256,,,,,,8.0,linear,midpoint,,,False
ODE linear midpoint (steps=8),ode_transport,,3,10000,False,,-0.06156189739704132,0.06156189739704132,0.0038394031580537558,14.10530347499298,16.0,141.0530347499298,0.6119955264433433,1.223500370979309,256,,,,,,8.0,linear,midpoint,,,False
ODE linear midpoint (steps=8),ode_transport,,5,200,False,,-1.6013795137405396,1.6013795137405396,0.06020766869187355,14.751296669710428,16.0,2.9502593339420855,0.5319353784077371,1.0324171781539917,256,,,,,,8.0,linear,midpoint,,,False
ODE linear midpoint (steps=8),ode_transport,,5,500,False,,-0.6127755641937256,0.6127755641937256,0.023829149082303047,14.665939749917015,16.0,7.332969874958508,0.5319353784077371,1.0324171781539917,256,,,,,,8.0,linear,midpoint,,,False
ODE linear midpoint (steps=8),ode_transport,,5,1000,False,,-0.4907766282558441,0.4907766282558441,0.013842170126736164,14.47108649997972,16.0,14.47108649997972,0.5319353784077371,1.0324171781539917,256,,,,,,8.0,linear,midpoint,,,False
ODE linear midpoint (steps=8),ode_transport,,5,2000,False,,-0.20317164063453674,0.20317164063453674,0.006841135211288929,14.145525437488686,16.0,28.291050874977373,0.5319353784077371,1.0324171781539917,256,,,,,,8.0,linear,midpoint,,,False
ODE linear midpoint (steps=8),ode_transport,,5,5000,False,,-0.08835965394973755,0.08835965394973755,0.004378037992864847,13.97659470839426,16.0,69.8829735419713,0.5319353784077371,1.0324171781539917,256,,,,,,8.0,linear,midpoint,,,False
ODE linear midpoint (steps=8),ode_transport,,5,10000,False,,-0.06278223544359207,0.06278223544359207,0.003135868115350604,13.999845929199363,16.0,139.99845929199364,0.5319353784077371,1.0324171781539917,256,,,,,,8.0,linear,midpoint,,,False
ODE linear rk4 (steps=4),ode_transport,,2,200,False,,-3.605022668838501,3.605022668838501,0.17708754539489746,14.064436045009643,16.0,2.8128872090019286,0.8068940928810215,1.841308355331421,256,,,,,,4.0,linear,rk4,,,False
ODE linear rk4 (steps=4),ode_transport,,2,500,False,,-0.9745334386825562,0.9745334386825562,0.04896318167448044,13.938409834168851,16.0,6.969204917084426,0.8068940928810215,1.841308355331421,256,,,,,,4.0,linear,rk4,,,False
ODE linear rk4 (steps=4),ode_transport,,2,1000,False,,-0.36326301097869873,0.36326301097869873,0.02000705897808075,13.890980917029083,16.0,13.890980917029083,0.8068940928810215,1.841308355331421,256,,,,,,4.0,linear,rk4,,,False
ODE linear rk4 (steps=4),ode_transport,,2,2000,False,,-0.15186047554016113,0.15186047554016113,0.007029110565781593,13.880212833522819,16.0,27.760425667045638,0.8068940928810215,1.841308355331421,256,,,,,,4.0,linear,rk4,,,False
ODE linear rk4 (steps=4),ode_transport,,2,5000,False,,-0.09006793051958084,0.09006793051958084,0.004290155600756407,13.8696399750188,16.0,69.348199875094,0.8068940928810215,1.841308355331421,256,,,,,,4.0,linear,rk4,,,False
ODE linear rk4 (steps=4),ode_transport,,2,10000,False,,-0.0700342208147049,0.0700342208147049,0.004239218775182962,14.044147354201414,16.0,140.44147354201414,0.8068940928810215,1.841308355331421,256,,,,,,4.0,linear,rk4,,,False
ODE linear rk4 (steps=4),ode_transport,,1,200,False,,-3.354311466217041,3.354311466217041,0.1730962097644806,14.098659579758532,16.0,2.8197319159517065,0.9377086058083194,1.781032919883728,256,,,,,,4.0,linear,rk4,,,False
ODE linear rk4 (steps=4),ode_transport,,1,500,False,,-0.9287886619567871,0.9287886619567871,0.04858693480491638,13.961374249774963,16.0,6.980687124887481,0.9377086058083194,1.781032919883728,256,,,,,,4.0,linear,rk4,,,False
ODE linear rk4 (steps=4),ode_transport,,1,1000,False,,-0.3543412387371063,0.3543412387371063,0.020084800198674202,13.915068249916658,16.0,13.915068249916658,0.9377086058083194,1.781032919883728,256,,,,,,4.0,linear,rk4,,,False
ODE linear rk4 (steps=4),ode_transport,,1,2000,False,,-0.14627645909786224,0.14627645909786224,0.007633859757333994,13.883817853988148,16.0,27.767635707976297,0.9377086058083194,1.781032919883728,256,,,,,,4.0,linear,rk4,,,False
ODE linear rk4 (steps=4),ode_transport,,1,5000,False,,-0.06970936059951782,0.06970936059951782,0.003720709588378668,13.930156833189539,16.0,69.6507841659477,0.9377086058083194,1.781032919883728,256,,,,,,4.0,linear,rk4,,,False
ODE linear rk4 (steps=4),ode_transport,,1,10000,False,,-0.06404612958431244,0.06404612958431244,0.0038603132124990225,14.044180766597856,16.0,140.44180766597856,0.9377086058083194,1.781032919883728,256,,,,,,4.0,linear,rk4,,,False
ODE linear rk4 (steps=4),ode_transport,,4,200,False,,-2.8436262607574463,2.8436262607574463,0.10153423249721527,14.082356250146404,16.0,2.816471250029281,0.7280358880499032,1.685681700706482,256,,,,,,4.0,linear,rk4,,,False
ODE linear rk4 (steps=4),ode_transport,,4,500,False,,-0.6864709854125977,0.6864709854125977,0.030574683099985123,13.977345333900303,16.0,6.988672666950151,0.7280358880499032,1.685681700706482,256,,,,,,4.0,linear,rk4,,,False
ODE linear rk4 (steps=4),ode_transport,,4,1000,False,,-0.2876850962638855,0.2876850962638855,0.01443138811737299,13.918600916978903,16.0,13.918600916978903,0.7280358880499032,1.685681700706482,256,,,,,,4.0,linear,rk4,,,False
ODE linear rk4 (steps=4),ode_transport,,4,2000,False,,-0.20919185876846313,0.20919185876846313,0.009109088219702244,13.891507187508978,16.0,27.783014375017956,0.7280358880499032,1.685681700706482,256,,,,,,4.0,linear,rk4,,,False
ODE linear rk4 (steps=4),ode_transport,,4,5000,False,,-0.13755172491073608,0.13755172491073608,0.005553585477173328,13.861973999999464,16.0,69.30986999999732,0.7280358880499032,1.685681700706482,256,,,,,,4.0,linear,rk4,,,False
ODE linear rk4 (steps=4),ode_transport,,4,10000,False,,-0.09061572700738907,0.09061572700738907,0.003836032934486866,14.003284224995877,16.0,140.03284224995878,0.7280358880499032,1.685681700706482,256,,,,,,4.0,linear,rk4,,,False
ODE linear rk4 (steps=4),ode_transport,,3,200,False,,-2.1362290382385254,2.1362290382385254,0.07008156925439835,14.207789584761485,16.0,2.841557916952297,0.6007144983998299,1.2429382801055908,256,,,,,,4.0,linear,rk4,,,False
ODE linear rk4 (steps=4),ode_transport,,3,500,False,,-0.6705206036567688,0.6705206036567688,0.027291251346468925,14.149722500005737,16.0,7.0748612500028685,0.6007144983998299,1.2429382801055908,256,,,,,,4.0,linear,rk4,,,False
ODE linear rk4 (steps=4),ode_transport,,3,1000,False,,-0.4098678231239319,0.4098678231239319,0.02002919837832451,14.064574416959658,16.0,14.064574416959658,0.6007144983998299,1.2429382801055908,256,,,,,,4.0,linear,rk4,,,False
ODE linear rk4 (steps=4),ode_transport,,3,2000,False,,-0.20880356431007385,0.20880356431007385,0.009685457684099674,13.932299145963043,16.0,27.864598291926086,0.6007144983998299,1.2429382801055908,256,,,,,,4.0,linear,rk4,,,False
ODE linear rk4 (steps=4),ode_transport,,3,5000,False,,-0.10120245069265366,0.10120245069265366,0.0050589838065207005,13.838425366580486,16.0,69.19212683290243,0.6007144983998299,1.2429382801055908,256,,,,,,4.0,linear,rk4,,,False
ODE linear rk4 (steps=4),ode_transport,,3,10000,False,,-0.07723985612392426,0.07723985612392426,0.004338880535215139,13.925952895800583,16.0,139.25952895800583,0.6007144983998299,1.2429382801055908,256,,,,,,4.0,linear,rk4,,,False
ODE linear rk4 (steps=4),ode_transport,,5,200,False,,-1.6026146411895752,1.6026146411895752,0.06008467823266983,14.055045419954695,16.0,2.811009083990939,0.5536744892820693,1.0412040948867798,256,,,,,,4.0,linear,rk4,,,False
ODE linear rk4 (steps=4),ode_transport,,5,500,False,,-0.6120946407318115,0.6120946407318115,0.023716352880001068,14.089987250044942,16.0,7.044993625022471,0.5536744892820693,1.0412040948867798,256,,,,,,4.0,linear,rk4,,,False
ODE linear rk4 (steps=4),ode_transport,,5,1000,False,,-0.4894445836544037,0.4894445836544037,0.013737744651734829,14.030470791971311,16.0,14.030470791971311,0.5536744892820693,1.0412040948867798,256,,,,,,4.0,linear,rk4,,,False
ODE linear rk4 (steps=4),ode_transport,,5,2000,False,,-0.20245152711868286,0.20245152711868286,0.006862664595246315,13.94210937502794,16.0,27.88421875005588,0.5536744892820693,1.0412040948867798,256,,,,,,4.0,linear,rk4,,,False
ODE linear rk4 (steps=4),ode_transport,,5,5000,False,,-0.09925055503845215,0.09925055503845215,0.004288119729608297,13.872739183413795,16.0,69.36369591706898,0.5536744892820693,1.0412040948867798,256,,,,,,4.0,linear,rk4,,,False
ODE linear rk4 (steps=4),ode_transport,,5,10000,False,,-0.0928041934967041,0.0928041934967041,0.003733590245246887,13.923813499999232,16.0,139.23813499999233,0.5536744892820693,1.0412040948867798,256,,,,,,4.0,linear,rk4,,,False
ODE linear rk4 (steps=8),ode_transport,,2,200,False,,-3.607013702392578,3.607013702392578,0.17721375823020935,24.666731460019946,32.0,4.933346292003989,0.796213625107136,1.8882726430892944,256,,,,,,8.0,linear,rk4,,,False
ODE linear rk4 (steps=8),ode_transport,,2,500,False,,-0.9773269891738892,0.9773269891738892,0.04911291226744652,25.390805500093848,32.0,12.695402750046924,0.796213625107136,1.8882726430892944,256,,,,,,8.0,linear,rk4,,,False
ODE linear rk4 (steps=8),ode_transport,,2,1000,False,,-0.363197386264801,0.363197386264801,0.02012779749929905,25.182833625003695,32.0,25.182833625003695,0.796213625107136,1.8882726430892944,256,,,,,,8.0,linear,rk4,,,False
ODE linear rk4 (steps=8),ode_transport,,2,2000,False,,-0.15121766924858093,0.15121766924858093,0.006878416053950787,25.507386167009827,32.0,51.01477233401965,0.796213625107136,1.8882726430892944,256,,,,,,8.0,linear,rk4,,,False
ODE linear rk4 (steps=8),ode_transport,,2,5000,False,,-0.08887796849012375,0.08887796849012375,0.004379525315016508,24.885543758398853,32.0,124.42771879199427,0.796213625107136,1.8882726430892944,256,,,,,,8.0,linear,rk4,,,False
ODE linear rk4 (steps=8),ode_transport,,2,10000,False,,-0.06558428704738617,0.06558428704738617,0.004261788446456194,23.92156231669942,32.0,239.2156231669942,0.796213625107136,1.8882726430892944,256,,,,,,8.0,linear,rk4,,,False
ODE linear rk4 (steps=8),ode_transport,,1,200,False,,-3.3544974327087402,3.3544974327087402,0.17315123975276947,24.563078960054554,32.0,4.912615792010911,0.752270346747501,1.8161475658416748,256,,,,,,8.0,linear,rk4,,,False
ODE linear rk4 (steps=8),ode_transport,,1,500,False,,-0.9286892414093018,0.9286892414093018,0.04860633984208107,24.44158891797997,32.0,12.220794458989985,0.752270346747501,1.8161475658416748,256,,,,,,8.0,linear,rk4,,,False
ODE linear rk4 (steps=8),ode_transport,,1,1000,False,,-0.3547670245170593,0.3547670245170593,0.020147714763879776,24.49342841701582,32.0,24.49342841701582,0.752270346747501,1.8161475658416748,256,,,,,,8.0,linear,rk4,,,False
ODE linear rk4 (steps=8),ode_transport,,1,2000,False,,-0.14372731745243073,0.14372731745243073,0.0074447887018322945,24.9649388960097,32.0,49.9298777920194,0.752270346747501,1.8161475658416748,256,,,,,,8.0,linear,rk4,,,False
ODE linear rk4 (steps=8),ode_transport,,1,5000,False,,-0.06466864049434662,0.06466864049434662,0.0035133655183017254,25.20300286679994,32.0,126.01501433399972,0.752270346747501,1.8161475658416748,256,,,,,,8.0,linear,rk4,,,False
ODE linear rk4 (steps=8),ode_transport,,1,10000,False,,-0.06321229040622711,0.06321229040622711,0.004591913893818855,24.942314429208636,32.0,249.42314429208636,0.752270346747501,1.8161475658416748,256,,,,,,8.0,linear,rk4,,,False
ODE linear rk4 (steps=8),ode_transport,,4,200,False,,-2.8473050594329834,2.8473050594329834,0.10169889032840729,25.04821353999432,32.0,5.009642707998864,0.7022017831355855,1.6851012706756592,256,,,,,,8.0,linear,rk4,,,False
ODE linear rk4 (steps=8),ode_transport,,4,500,False,,-0.6858193874359131,0.6858193874359131,0.03059692680835724,24.576125915860757,32.0,12.288062957930379,0.7022017831355855,1.6851012706756592,256,,,,,,8.0,linear,rk4,,,False
ODE linear rk4 (steps=8),ode_transport,,4,1000,False,,-0.2893383502960205,0.2893383502960205,0.014487876556813717,24.41278762498405,32.0,24.41278762498405,0.7022017831355855,1.6851012706756592,256,,,,,,8.0,linear,rk4,,,False
ODE linear rk4 (steps=8),ode_transport,,4,2000,False,,-0.20980137586593628,0.20980137586593628,0.009122917428612709,24.670857854012866,32.0,49.34171570802573,0.7022017831355855,1.6851012706756592,256,,,,,,8.0,linear,rk4,,,False
ODE linear rk4 (steps=8),ode_transport,,4,5000,False,,-0.09940987080335617,0.09940987080335617,0.004862763453274965,25.011060700006784,32.0,125.05530350003392,0.7022017831355855,1.6851012706756592,256,,,,,,8.0,linear,rk4,,,False
ODE linear rk4 (steps=8),ode_transport,,4,10000,False,,-0.03940882533788681,0.03940882533788681,0.002522895112633705,24.71237160000019,32.0,247.12371600000188,0.7022017831355855,1.6851012706756592,256,,,,,,8.0,linear,rk4,,,False
ODE linear rk4 (steps=8),ode_transport,,3,200,False,,-2.1363449096679688,2.1363449096679688,0.07010623812675476,24.37027624982875,32.0,4.87405524996575,0.5999719868995657,1.2640949487686157,256,,,,,,8.0,linear,rk4,,,False
ODE linear rk4 (steps=8),ode_transport,,3,500,False,,-0.6704588532447815,0.6704588532447815,0.02734912745654583,24.278725584037602,32.0,12.139362792018801,0.5999719868995657,1.2640949487686157,256,,,,,,8.0,linear,rk4,,,False
ODE linear rk4 (steps=8),ode_transport,,3,1000,False,,-0.41016438603401184,0.41016438603401184,0.02007342129945755,24.34519412496593,32.0,24.34519412496593,0.5999719868995657,1.2640949487686157,256,,,,,,8.0,linear,rk4,,,False
ODE linear rk4 (steps=8),ode_transport,,3,2000,False,,-0.20872268080711365,0.20872268080711365,0.00971811544150114,24.395203687483445,32.0,48.79040737496689,0.5999719868995657,1.2640949487686157,256,,,,,,8.0,linear,rk4,,,False
ODE linear rk4 (steps=8),ode_transport,,3,5000,False,,-0.10167036950588226,0.10167036950588226,0.005104874260723591,24.870660966588183,32.0,124.35330483294092,0.5999719868995657,1.2640949487686157,256,,,,,,8.0,linear,rk4,,,False
ODE linear rk4 (steps=8),ode_transport,,3,10000,False,,-0.063681960105896,0.063681960105896,0.0038644729647785425,24.80889297500253,32.0,248.08892975002527,0.5999719868995657,1.2640949487686157,256,,,,,,8.0,linear,rk4,,,False
ODE linear rk4 (steps=8),ode_transport,,5,200,False,,-1.6021099090576172,1.6021099090576172,0.06012299656867981,24.58787166979164,32.0,4.917574333958328,0.541734671747818,0.9840789437294006,256,,,,,,8.0,linear,rk4,,,False
ODE linear rk4 (steps=8),ode_transport,,5,500,False,,-0.6122171878814697,0.6122171878814697,0.023738602176308632,24.363630167907104,32.0,12.181815083953552,0.541734671747818,0.9840789437294006,256,,,,,,8.0,linear,rk4,,,False
ODE linear rk4 (steps=8),ode_transport,,5,1000,False,,-0.4893547296524048,0.4893547296524048,0.013742215000092983,24.570919499965385,32.0,24.570919499965385,0.541734671747818,0.9840789437294006,256,,,,,,8.0,linear,rk4,,,False
ODE linear rk4 (steps=8),ode_transport,,5,2000,False,,-0.20308348536491394,0.20308348536491394,0.006867317482829094,24.38947906246176,32.0,48.77895812492352,0.541734671747818,0.9840789437294006,256,,,,,,8.0,linear,rk4,,,False
ODE linear rk4 (steps=8),ode_transport,,5,5000,False,,-0.09337761998176575,0.09337761998176575,0.00496807973831892,24.892803583387284,32.0,124.46401791693643,0.541734671747818,0.9840789437294006,256,,,,,,8.0,linear,rk4,,,False
ODE linear rk4 (steps=8),ode_transport,,5,10000,False,,-0.07135652005672455,0.07135652005672455,0.0033760294318199158,24.722106387501118,32.0,247.22106387501117,0.541734671747818,0.9840789437294006,256,,,,,,8.0,linear,rk4,,,False
ODE linear dopri5,ode_transport,,2,200,False,,-3.5967020988464355,3.5967020988464355,0.1770097017288208,30.105212079943158,38.0,6.0210424159886315,0.825235684418211,1.9423588514328003,256,,,,,,,linear,dopri5,1e-05,1e-07,False
ODE linear dopri5,ode_transport,,2,500,False,,-0.969213604927063,0.969213604927063,0.04887304827570915,29.09234208194539,32.0,14.546171040972695,0.825235684418211,1.9423588514328003,256,,,,,,,linear,dopri5,1e-05,1e-07,False
ODE linear dopri5,ode_transport,,2,1000,False,,-0.36203449964523315,0.36203449964523315,0.02009691298007965,30.205658790888265,38.0,30.205658790888265,0.825235684418211,1.9423588514328003,256,,,,,,,linear,dopri5,1e-05,1e-07,False
ODE linear dopri5,ode_transport,,2,2000,False,,-0.1470222771167755,0.1470222771167755,0.007101587951183319,34.23997402045643,62.0,68.47994804091286,0.825235684418211,1.9423588514328003,256,,,,,,,linear,dopri5,1e-05,1e-07,False
ODE linear dopri5,ode_transport,,2,5000,False,,-0.08516968786716461,0.08516968786716461,0.003998001106083393,39.58276764999609,56.0,197.91383824998047,0.825235684418211,1.9423588514328003,256,,,,,,,linear,dopri5,1e-05,1e-07,False
ODE linear dopri5,ode_transport,,2,10000,False,,-0.07656089216470718,0.07656089216470718,0.0047776224091649055,43.076693658297884,68.0,430.7669365829788,0.825235684418211,1.9423588514328003,256,,,,,,,linear,dopri5,1e-05,1e-07,False
ODE linear dopri5,ode_transport,,1,200,False,,-3.342125415802002,3.342125415802002,0.17310911417007446,28.964783960254863,32.0,5.792956792050973,0.7600858179721436,1.7943379878997803,256,,,,,,,linear,dopri5,1e-05,1e-07,False
ODE linear dopri5,ode_transport,,1,500,False,,-0.9290735721588135,0.9290735721588135,0.04848801717162132,28.22607566602528,32.0,14.11303783301264,0.7600858179721436,1.7943379878997803,256,,,,,,,linear,dopri5,1e-05,1e-07,False
ODE linear dopri5,ode_transport,,1,1000,False,,-0.35692349076271057,0.35692349076271057,0.02006939798593521,29.56733662507031,32.0,29.56733662507031,0.7600858179721436,1.7943379878997803,256,,,,,,,linear,dopri5,1e-05,1e-07,False
ODE linear dopri5,ode_transport,,1,2000,False,,-0.14382806420326233,0.14382806420326233,0.00750682083889842,34.450375687505584,44.0,68.90075137501117,0.7600858179721436,1.7943379878997803,256,,,,,,,linear,dopri5,1e-05,1e-07,False
ODE linear dopri5,ode_transport,,1,5000,False,,-0.06244056299328804,0.06244056299328804,0.003467018948867917,41.29862938339356,68.0,206.49314691696782,0.7600858179721436,1.7943379878997803,256,,,,,,,linear,dopri5,1e-05,1e-07,False
ODE linear dopri5,ode_transport,,1,10000,False,,-0.062496647238731384,0.062496647238731384,0.004615911282598972,45.81075295000337,68.0,458.1075295000337,0.7600858179721436,1.7943379878997803,256,,,,,,,linear,dopri5,1e-05,1e-07,False
ODE linear dopri5,ode_transport,,4,200,False,,-2.9092628955841064,2.9092628955841064,0.10231772810220718,32.3103602102492,38.0,6.46207204204984,0.7127125889730387,1.6763010025024414,256,,,,,,,linear,dopri5,1e-05,1e-07,False
ODE linear dopri5,ode_transport,,4,500,False,,-0.6874114871025085,0.6874114871025085,0.03069680742919445,33.529636499937624,32.0,16.764818249968812,0.7127125889730387,1.6763010025024414,256,,,,,,,linear,dopri5,1e-05,1e-07,False
ODE linear dopri5,ode_transport,,4,1000,False,,-0.2913842797279358,0.2913842797279358,0.015243510715663433,33.55235258396715,50.0,33.55235258396715,0.7127125889730387,1.6763010025024414,256,,,,,,,linear,dopri5,1e-05,1e-07,False
ODE linear dopri5,ode_transport,,4,2000,False,,-0.20966288447380066,0.20966288447380066,0.00804639607667923,37.928609354479704,62.0,75.85721870895941,0.7127125889730387,1.6763010025024414,256,,,,,,,linear,dopri5,1e-05,1e-07,False
ODE linear dopri5,ode_transport,,4,5000,False,,-0.0774448812007904,0.0774448812007904,0.004618867766112089,43.80056150839664,74.0,219.0028075419832,0.7127125889730387,1.6763010025024414,256,,,,,,,linear,dopri5,1e-05,1e-07,False
ODE linear dopri5,ode_transport,,4,10000,False,,-0.039884671568870544,0.039884671568870544,0.0025214371271431446,49.68954554999946,62.0,496.89545549999457,0.7127125889730387,1.6763010025024414,256,,,,,,,linear,dopri5,1e-05,1e-07,False
ODE linear dopri5,ode_transport,,3,200,False,,-2.1596593856811523,2.1596593856811523,0.06986242532730103,27.772267499822192,32.0,5.554453499964438,0.610638682430547,1.1754481792449951,256,,,,,,,linear,dopri5,1e-05,1e-07,False
ODE linear dopri5,ode_transport,,3,500,False,,-0.6646265983581543,0.6646265983581543,0.026875218376517296,28.286122082034126,38.0,14.143061041017063,0.610638682430547,1.1754481792449951,256,,,,,,,linear,dopri5,1e-05,1e-07,False
ODE linear dopri5,ode_transport,,3,1000,False,,-0.4150562882423401,0.4150562882423401,0.019526977092027664,28.49967716599349,38.0,28.49967716599349,0.610638682430547,1.1754481792449951,256,,,,,,,linear,dopri5,1e-05,1e-07,False
ODE linear dopri5,ode_transport,,3,2000,False,,-0.2084774374961853,0.2084774374961853,0.009637179784476757,32.54879752045963,62.0,65.09759504091926,0.610638682430547,1.1754481792449951,256,,,,,,,linear,dopri5,1e-05,1e-07,False
ODE linear dopri5,ode_transport,,3,5000,False,,-0.10293292999267578,0.10293292999267578,0.004181272815912962,40.2226163999876,62.0,201.113081999938,0.610638682430547,1.1754481792449951,256,,,,,,,linear,dopri5,1e-05,1e-07,False
ODE linear dopri5,ode_transport,,3,10000,False,,-0.07268567383289337,0.07268567383289337,0.003945881500840187,45.058474287495486,56.0,450.5847428749548,0.610638682430547,1.1754481792449951,256,,,,,,,linear,dopri5,1e-05,1e-07,False
ODE linear dopri5,ode_transport,,5,200,False,,-1.6980549097061157,1.6980549097061157,0.06590617448091507,28.968065000372007,32.0,5.7936130000744015,0.5436726189697579,1.0313279628753662,256,,,,,,,linear,dopri5,1e-05,1e-07,False
ODE linear dopri5,ode_transport,,5,500,False,,-0.625283420085907,0.625283420085907,0.024194864556193352,29.23113966616802,44.0,14.61556983308401,0.5436726189697579,1.0313279628753662,256,,,,,,,linear,dopri5,1e-05,1e-07,False
ODE linear dopri5,ode_transport,,5,1000,False,,-0.48632746934890747,0.48632746934890747,0.013076207600533962,30.338211333029903,38.0,30.338211333029903,0.5436726189697579,1.0313279628753662,256,,,,,,,linear,dopri5,1e-05,1e-07,False
ODE linear dopri5,ode_transport,,5,2000,False,,-0.20667463541030884,0.20667463541030884,0.007322672754526138,31.982376666506752,74.0,63.964753333013505,0.5436726189697579,1.0313279628753662,256,,,,,,,linear,dopri5,1e-05,1e-07,False
ODE linear dopri5,ode_transport,,5,5000,False,,-0.09602247923612595,0.09602247923612595,0.004408599808812141,39.02248955001123,56.0,195.11244775005616,0.5436726189697579,1.0313279628753662,256,,,,,,,linear,dopri5,1e-05,1e-07,False
ODE linear dopri5,ode_transport,,5,10000,False,,-0.08479906618595123,0.08479906618595123,0.003763071959838271,43.620049866707994,68.0,436.20049866707996,0.5436726189697579,1.0313279628753662,256,,,,,,,linear,dopri5,1e-05,1e-07,False
ODE geometric euler (steps=4),ode_transport,,2,200,False,,-3.272254467010498,3.272254467010498,0.17795439064502716,6.718633539858274,4.0,1.3437267079716548,6.562645956301746,21.339717864990234,256,,,,,,4.0,geometric,euler,,,False
ODE geometric euler (steps=4),ode_transport,,2,500,False,,-0.8863204121589661,0.8863204121589661,0.053417254239320755,8.20710566593334,4.0,4.10355283296667,6.562645956301746,21.339717864990234,256,,,,,,4.0,geometric,euler,,,False
ODE geometric euler (steps=4),ode_transport,,2,1000,False,,-0.5024235248565674,0.5024235248565674,0.04690423980355263,7.540303749963641,4.0,7.540303749963641,6.562645956301746,21.339717864990234,256,,,,,,4.0,geometric,euler,,,False
ODE geometric euler (steps=4),ode_transport,,2,2000,False,,-0.63048255443573,0.63048255443573,0.027543656527996063,7.306293228990398,4.0,14.612586457980797,6.562645956301746,21.339717864990234,256,,,,,,4.0,geometric,euler,,,False
ODE geometric euler (steps=4),ode_transport,,2,5000,False,,-0.9357041716575623,0.9357041716575623,0.01580233871936798,7.0618986750021575,4.0,35.30949337501079,6.562645956301746,21.339717864990234,256,,,,,,4.0,geometric,euler,,,False
ODE geometric euler (steps=4),ode_transport,,2,10000,False,,-0.9660099744796753,0.9660099744796753,0.013092460110783577,7.256305033294484,4.0,72.56305033294484,6.562645956301746,21.339717864990234,256,,,,,,4.0,geometric,euler,,,False
ODE geometric euler (steps=4),ode_transport,,1,200,False,,-3.218658924102783,3.218658924102783,0.17804557085037231,6.381593955447897,4.0,1.2763187910895795,6.9704564152529995,22.573720932006836,256,,,,,,4.0,geometric,euler,,,False
ODE geometric euler (steps=4),ode_transport,,1,500,False,,-1.0399836301803589,1.0399836301803589,0.06630246341228485,6.563784750178456,4.0,3.281892375089228,6.9704564152529995,22.573720932006836,256,,,,,,4.0,geometric,euler,,,False
ODE geometric euler (steps=4),ode_transport,,1,1000,False,,-0.6284480094909668,0.6284480094909668,0.057763442397117615,6.574406125000678,4.0,6.574406125000678,6.9704564152529995,22.573720932006836,256,,,,,,4.0,geometric,euler,,,False
ODE geometric euler (steps=4),ode_transport,,1,2000,False,,-0.5815407037734985,0.5815407037734985,0.03313983976840973,6.659954583039507,4.0,13.319909166079015,6.9704564152529995,22.573720932006836,256,,,,,,4.0,geometric,euler,,,False
ODE geometric euler (steps=4),ode_transport,,1,5000,False,,-0.9781415462493896,0.9781415462493896,0.018939726054668427,7.054386066622101,4.0,35.271930333110504,6.9704564152529995,22.573720932006836,256,,,,,,4.0,geometric,euler,,,False
ODE geometric euler (steps=4),ode_transport,,1,10000,False,,-1.1130083799362183,1.1130083799362183,0.01605941727757454,7.040296912507619,4.0,70.4029691250762,6.9704564152529995,22.573720932006836,256,,,,,,4.0,geometric,euler,,,False
ODE geometric euler (steps=4),ode_transport,,4,200,False,,-2.806687355041504,2.806687355041504,0.1341736614704132,6.879151875036769,4.0,1.3758303750073537,6.947354462354222,23.83302879333496,256,,,,,,4.0,geometric,euler,,,False
ODE geometric euler (steps=4),ode_transport,,4,500,False,,-0.9920309782028198,0.9920309782028198,0.0772017389535904,7.8914966660086066,4.0,3.9457483330043033,6.947354462354222,23.83302879333496,256,,,,,,4.0,geometric,euler,,,False
ODE geometric euler (steps=4),ode_transport,,4,1000,False,,-0.6721901893615723,0.6721901893615723,0.05371644347906113,7.506771250045858,4.0,7.506771250045858,6.947354462354222,23.83302879333496,256,,,,,,4.0,geometric,euler,,,False
ODE geometric euler (steps=4),ode_transport,,4,2000,False,,-0.7171202898025513,0.7171202898025513,0.03592788800597191,7.343673958501313,4.0,14.687347917002626,6.947354462354222,23.83302879333496,256,,,,,,4.0,geometric,euler,,,False
ODE geometric euler (steps=4),ode_transport,,4,5000,False,,-1.0510047674179077,1.0510047674179077,0.019848642870783806,7.080405050003901,4.0,35.402025250019506,6.947354462354222,23.83302879333496,256,,,,,,4.0,geometric,euler,,,False
ODE geometric euler (steps=4),ode_transport,,4,10000,False,,-0.8797484636306763,0.8797484636306763,0.015814490616321564,6.892257845809217,4.0,68.92257845809218,6.947354462354222,23.83302879333496,256,,,,,,4.0,geometric,euler,,,False
ODE geometric euler (steps=4),ode_transport,,3,200,False,,-1.7083501815795898,1.7083501815795898,0.07686097174882889,6.505396670545451,4.0,1.3010793341090903,9.74438016173685,33.8294677734375,256,,,,,,4.0,geometric,euler,,,False
ODE geometric euler (steps=4),ode_transport,,3,500,False,,-0.5723421573638916,0.5723421573638916,0.027388619258999825,6.221017584204674,4.0,3.110508792102337,9.74438016173685,33.8294677734375,256,,,,,,4.0,geometric,euler,,,False
ODE geometric euler (steps=4),ode_transport,,3,1000,False,,-0.40974441170692444,0.40974441170692444,0.030932966619729996,6.104343000100926,4.0,6.104343000100926,9.74438016173685,33.8294677734375,256,,,,,,4.0,geometric,euler,,,False
ODE geometric euler (steps=4),ode_transport,,3,2000,False,,-0.6709949970245361,0.6709949970245361,0.07098770141601562,6.144121729535982,4.0,12.288243459071964,9.74438016173685,33.8294677734375,256,,,,,,4.0,geometric,euler,,,False
ODE geometric euler (steps=4),ode_transport,,3,5000,False,,-1.217775821685791,1.217775821685791,0.04457903280854225,6.689393866807222,4.0,33.44696933403611,9.74438016173685,33.8294677734375,256,,,,,,4.0,geometric,euler,,,False
ODE geometric euler (steps=4),ode_transport,,3,10000,False,,-1.0265812873840332,1.0265812873840332,0.02403469942510128,6.844730145903304,4.0,68.44730145903304,9.74438016173685,33.8294677734375,256,,,,,,4.0,geometric,euler,,,False
ODE geometric euler (steps=4),ode_transport,,5,200,False,,-1.401482105255127,1.401482105255127,0.062453728169202805,6.161695210030302,4.0,1.2323390420060605,6.782420879580977,21.758045196533203,256,,,,,,4.0,geometric,euler,,,False
ODE geometric euler (steps=4),ode_transport,,5,500,False,,-0.6268166899681091,0.6268166899681091,0.029419193044304848,6.129152583889663,4.0,3.0645762919448316,6.782420879580977,21.758045196533203,256,,,,,,4.0,geometric,euler,,,False
ODE geometric euler (steps=4),ode_transport,,5,1000,False,,-0.4335041344165802,0.4335041344165802,0.025370415300130844,6.166095791966654,4.0,6.166095791966654,6.782420879580977,21.758045196533203,256,,,,,,4.0,geometric,euler,,,False
ODE geometric euler (steps=4),ode_transport,,5,2000,False,,-0.6423609256744385,0.6423609256744385,0.03356507420539856,6.132371541461907,4.0,12.264743082923815,6.782420879580977,21.758045196533203,256,,,,,,4.0,geometric,euler,,,False
ODE geometric euler (steps=4),ode_transport,,5,5000,False,,-0.9595276117324829,0.9595276117324829,0.016926517710089684,6.298756158398464,4.0,31.49378079199232,6.782420879580977,21.758045196533203,256,,,,,,4.0,geometric,euler,,,False
ODE geometric euler (steps=4),ode_transport,,5,10000,False,,-0.9548383951187134,0.9548383951187134,0.014088606461882591,6.79500840830151,4.0,67.9500840830151,6.782420879580977,21.758045196533203,256,,,,,,4.0,geometric,euler,,,False
ODE geometric euler (steps=8),ode_transport,,2,200,False,,-3.3304107189178467,3.3304107189178467,0.17164134979248047,10.406485834973864,8.0,2.081297166994773,0.7229629776937558,1.7773476839065552,256,,,,,,8.0,geometric,euler,,,False
ODE geometric euler (steps=8),ode_transport,,2,500,False,,-0.8866317272186279,0.8866317272186279,0.047657739371061325,9.957350667798892,8.0,4.978675333899446,0.7229629776937558,1.7773476839065552,256,,,,,,8.0,geometric,euler,,,False
ODE geometric euler (steps=8),ode_transport,,2,1000,False,,-0.34706640243530273,0.34706640243530273,0.025825830176472664,9.707959499908611,8.0,9.707959499908611,0.7229629776937558,1.7773476839065552,256,,,,,,8.0,geometric,euler,,,False
ODE geometric euler (steps=8),ode_transport,,2,2000,False,,-0.16577021777629852,0.16577021777629852,0.010598359629511833,9.75231689598877,8.0,19.50463379197754,0.7229629776937558,1.7773476839065552,256,,,,,,8.0,geometric,euler,,,False
ODE geometric euler (steps=8),ode_transport,,2,5000,False,,-0.11911089718341827,0.11911089718341827,0.006255451124161482,9.702448274986818,8.0,48.51224137493409,0.7229629776937558,1.7773476839065552,256,,,,,,8.0,geometric,euler,,,False
ODE geometric euler (steps=8),ode_transport,,2,10000,False,,-0.12074977159500122,0.12074977159500122,0.006547543220221996,9.571162858395837,8.0,95.71162858395837,0.7229629776937558,1.7773476839065552,256,,,,,,8.0,geometric,euler,,,False
ODE geometric euler (steps=8),ode_transport,,1,200,False,,-3.1850194931030273,3.1850194931030273,0.1799936592578888,9.632464165333658,8.0,1.9264928330667317,0.7526282424600932,1.825071096420288,256,,,,,,8.0,geometric,euler,,,False
ODE geometric euler (steps=8),ode_transport,,1,500,False,,-0.8606066703796387,0.8606066703796387,0.05038675665855408,10.468011165969074,8.0,5.234005582984537,0.7526282424600932,1.825071096420288,256,,,,,,8.0,geometric,euler,,,False
ODE geometric euler (steps=8),ode_transport,,1,1000,False,,-0.3704802393913269,0.3704802393913269,0.02911386825144291,10.11614458297845,8.0,10.11614458297845,0.7526282424600932,1.825071096420288,256,,,,,,8.0,geometric,euler,,,False
ODE geometric euler (steps=8),ode_transport,,1,2000,False,,-0.1522563397884369,0.1522563397884369,0.009545046836137772,9.79557754151756,8.0,19.59115508303512,0.7526282424600932,1.825071096420288,256,,,,,,8.0,geometric,euler,,,False
ODE geometric euler (steps=8),ode_transport,,1,5000,False,,-0.11822323501110077,0.11822323501110077,0.005466898903250694,9.570387575007043,8.0,47.85193787503522,0.7526282424600932,1.825071096420288,256,,,,,,8.0,geometric,euler,,,False
ODE geometric euler (steps=8),ode_transport,,1,10000,False,,-0.12234358489513397,0.12234358489513397,0.0062222531996667385,9.489799279207364,8.0,94.89799279207364,0.7526282424600932,1.825071096420288,256,,,,,,8.0,geometric,euler,,,False
ODE geometric euler (steps=8),ode_transport,,4,200,False,,-2.7014670372009277,2.7014670372009277,0.11084204912185669,9.259880210156552,8.0,1.8519760420313105,0.6998359112799281,1.7780834436416626,256,,,,,,8.0,geometric,euler,,,False
ODE geometric euler (steps=8),ode_transport,,4,500,False,,-0.6647746562957764,0.6647746562957764,0.04014074429869652,9.280148334102705,8.0,4.640074167051353,0.6998359112799281,1.7780834436416626,256,,,,,,8.0,geometric,euler,,,False
ODE geometric euler (steps=8),ode_transport,,4,1000,False,,-0.29964160919189453,0.29964160919189453,0.019088711589574814,9.310259749996476,8.0,9.310259749996476,0.6998359112799281,1.7780834436416626,256,,,,,,8.0,geometric,euler,,,False
ODE geometric euler (steps=8),ode_transport,,4,2000,False,,-0.2292875051498413,0.2292875051498413,0.012773947790265083,9.308743792003952,8.0,18.617487584007904,0.6998359112799281,1.7780834436416626,256,,,,,,8.0,geometric,euler,,,False
ODE geometric euler (steps=8),ode_transport,,4,5000,False,,-0.1020984873175621,0.1020984873175621,0.005496243946254253,9.349081808398477,8.0,46.74540904199239,0.6998359112799281,1.7780834436416626,256,,,,,,8.0,geometric,euler,,,False
ODE geometric euler (steps=8),ode_transport,,4,10000,False,,-0.10202240198850632,0.10202240198850632,0.005299595184624195,9.371618420898448,8.0,93.71618420898449,0.6998359112799281,1.7780834436416626,256,,,,,,8.0,geometric,euler,,,False
ODE geometric euler (steps=8),ode_transport,,3,200,False,,-1.8455467224121094,1.8455467224121094,0.06790423393249512,13.33728208031971,8.0,2.667456416063942,0.6426461095022221,1.5333935022354126,256,,,,,,8.0,geometric,euler,,,False
ODE geometric euler (steps=8),ode_transport,,3,500,False,,-0.6058384776115417,0.6058384776115417,0.02537141740322113,12.92016466613859,8.0,6.460082333069295,0.6426461095022221,1.5333935022354126,256,,,,,,8.0,geometric,euler,,,False
ODE geometric euler (steps=8),ode_transport,,3,1000,False,,-0.36244282126426697,0.36244282126426697,0.022978322580456734,11.884506916045211,8.0,11.884506916045211,0.6426461095022221,1.5333935022354126,256,,,,,,8.0,geometric,euler,,,False
ODE geometric euler (steps=8),ode_transport,,3,2000,False,,-0.19969427585601807,0.19969427585601807,0.015110411681234837,11.289931312552653,8.0,22.579862625105307,0.6426461095022221,1.5333935022354126,256,,,,,,8.0,geometric,euler,,,False
ODE geometric euler (steps=8),ode_transport,,3,5000,False,,-0.1261008083820343,0.1261008083820343,0.005966344848275185,10.482893150020391,8.0,52.414465750101954,0.6426461095022221,1.5333935022354126,256,,,,,,8.0,geometric,euler,,,False
ODE geometric euler (steps=8),ode_transport,,3,10000,False,,-0.14605654776096344,0.14605654776096344,0.006856381427496672,9.977596158301457,8.0,99.77596158301458,0.6426461095022221,1.5333935022354126,256,,,,,,8.0,geometric,euler,,,False
ODE geometric euler (steps=8),ode_transport,,5,200,False,,-1.4652584791183472,1.4652584791183472,0.062202438712120056,9.882207295158878,8.0,1.9764414590317756,0.5502151390717347,1.212977409362793,256,,,,,,8.0,geometric,euler,,,False
ODE geometric euler (steps=8),ode_transport,,5,500,False,,-0.6069748401641846,0.6069748401641846,0.024490386247634888,9.699145500082523,8.0,4.849572750041261,0.5502151390717347,1.212977409362793,256,,,,,,8.0,geometric,euler,,,False
ODE geometric euler (steps=8),ode_transport,,5,1000,False,,-0.4520624279975891,0.4520624279975891,0.013893314637243748,9.792856500018388,8.0,9.792856500018388,0.5502151390717347,1.212977409362793,256,,,,,,8.0,geometric,euler,,,False
ODE geometric euler (steps=8),ode_transport,,5,2000,False,,-0.1914726197719574,0.1914726197719574,0.009391178376972675,10.707916625018697,8.0,21.415833250037394,0.5502151390717347,1.212977409362793,256,,,,,,8.0,geometric,euler,,,False
ODE geometric euler (steps=8),ode_transport,,5,5000,False,,-0.14586901664733887,0.14586901664733887,0.008576633408665657,10.50615030839108,8.0,52.5307515419554,0.5502151390717347,1.212977409362793,256,,,,,,8.0,geometric,euler,,,False
ODE geometric euler (steps=8),ode_transport,,5,10000,False,,-0.12040920555591583,0.12040920555591583,0.006149522494524717,10.08021749999607,8.0,100.8021749999607,0.5502151390717347,1.212977409362793,256,,,,,,8.0,geometric,euler,,,False
ODE geometric euler (steps=16),ode_transport,,2,200,False,,-3.4541423320770264,3.4541423320770264,0.1739438772201538,15.57309499999974,16.0,3.114618999999948,0.729917198598367,1.684444785118103,256,,,,,,16.0,geometric,euler,,,False
ODE geometric euler (steps=16),ode_transport,,2,500,False,,-0.9249846339225769,0.9249846339225769,0.04800194874405861,15.58402458182536,16.0,7.79201229091268,0.729917198598367,1.684444785118103,256,,,,,,16.0,geometric,euler,,,False
ODE geometric euler (steps=16),ode_transport,,2,1000,False,,-0.3544158935546875,0.3544158935546875,0.02256227284669876,15.658435707911849,16.0,15.658435707911849,0.729917198598367,1.684444785118103,256,,,,,,16.0,geometric,euler,,,False
ODE geometric euler (steps=16),ode_transport,,2,2000,False,,-0.14629824459552765,0.14629824459552765,0.008070657961070538,15.62383408297319,16.0,31.24766816594638,0.729917198598367,1.684444785118103,256,,,,,,16.0,geometric,euler,,,False
ODE geometric euler (steps=16),ode_transport,,2,5000,False,,-0.08987077325582504,0.08987077325582504,0.004665737506002188,15.656282899994403,16.0,78.28141449997202,0.729917198598367,1.684444785118103,256,,,,,,16.0,geometric,euler,,,False
ODE geometric euler (steps=16),ode_transport,,2,10000,False,,-0.08316783607006073,0.08316783607006073,0.005041211377829313,16.252630954096094,16.0,162.52630954096094,0.729917198598367,1.684444785118103,256,,,,,,16.0,geometric,euler,,,False
ODE geometric euler (steps=16),ode_transport,,1,200,False,,-3.2477054595947266,3.2477054595947266,0.1715846210718155,15.804428750416264,16.0,3.160885750083253,0.6929297406021898,1.6116265058517456,256,,,,,,16.0,geometric,euler,,,False
ODE geometric euler (steps=16),ode_transport,,1,500,False,,-0.8766162395477295,0.8766162395477295,0.04921384155750275,15.621723000193015,16.0,7.810861500096507,0.6929297406021898,1.6116265058517456,256,,,,,,16.0,geometric,euler,,,False
ODE geometric euler (steps=16),ode_transport,,1,1000,False,,-0.35982197523117065,0.35982197523117065,0.027590537443757057,15.548819291987456,16.0,15.548819291987456,0.6929297406021898,1.6116265058517456,256,,,,,,16.0,geometric,euler,,,False
ODE geometric euler (steps=16),ode_transport,,1,2000,False,,-0.13909439742565155,0.13909439742565155,0.008012201637029648,15.580233875021804,16.0,31.16046775004361,0.6929297406021898,1.6116265058517456,256,,,,,,16.0,geometric,euler,,,False
ODE geometric euler (steps=16),ode_transport,,1,5000,False,,-0.06819702684879303,0.06819702684879303,0.003618640825152397,15.601386408414692,16.0,78.00693204207346,0.6929297406021898,1.6116265058517456,256,,,,,,16.0,geometric,euler,,,False
ODE geometric euler (steps=16),ode_transport,,1,10000,False,,-0.0686817616224289,0.0686817616224289,0.005043541081249714,16.388690987508745,16.0,163.88690987508744,0.6929297406021898,1.6116265058517456,256,,,,,,16.0,geometric,euler,,,False
ODE geometric euler (steps=16),ode_transport,,4,200,False,,-2.7753076553344727,2.7753076553344727,0.10466161370277405,15.88262458506506,16.0,3.176524917013012,0.6720191295700196,1.5567553043365479,256,,,,,,16.0,geometric,euler,,,False
ODE geometric euler (steps=16),ode_transport,,4,500,False,,-0.6318699717521667,0.6318699717521667,0.03156030923128128,15.739029000047594,16.0,7.869514500023797,0.6720191295700196,1.5567553043365479,256,,,,,,16.0,geometric,euler,,,False
ODE geometric euler (steps=16),ode_transport,,4,1000,False,,-0.29078739881515503,0.29078739881515503,0.016655251383781433,15.66822329198476,16.0,15.66822329198476,0.6720191295700196,1.5567553043365479,256,,,,,,16.0,geometric,euler,,,False
ODE geometric euler (steps=16),ode_transport,,4,2000,False,,-0.2060074806213379,0.2060074806213379,0.010269462130963802,15.631738603988197,16.0,31.263477207976393,0.6720191295700196,1.5567553043365479,256,,,,,,16.0,geometric,euler,,,False
ODE geometric euler (steps=16),ode_transport,,4,5000,False,,-0.09869340062141418,0.09869340062141418,0.0047082738019526005,16.41888176659122,16.0,82.0944088329561,0.6720191295700196,1.5567553043365479,256,,,,,,16.0,geometric,euler,,,False
ODE geometric euler (steps=16),ode_transport,,4,10000,False,,-0.051312919706106186,0.051312919706106186,0.003190703922882676,16.385422970796935,16.0,163.85422970796935,0.6720191295700196,1.5567553043365479,256,,,,,,16.0,geometric,euler,,,False
ODE geometric euler (steps=16),ode_transport,,3,200,False,,-1.9619560241699219,1.9619560241699219,0.06733004748821259,15.945094165508635,16.0,3.189018833101727,0.6632410274827293,1.3010300397872925,256,,,,,,16.0,geometric,euler,,,False
ODE geometric euler (steps=16),ode_transport,,3,500,False,,-0.628253698348999,0.628253698348999,0.026963356882333755,15.85333366598934,16.0,7.92666683299467,0.6632410274827293,1.3010300397872925,256,,,,,,16.0,geometric,euler,,,False
ODE geometric euler (steps=16),ode_transport,,3,1000,False,,-0.38089674711227417,0.38089674711227417,0.02121850475668907,15.832940499996766,16.0,15.832940499996766,0.6632410274827293,1.3010300397872925,256,,,,,,16.0,geometric,euler,,,False
ODE geometric euler (steps=16),ode_transport,,3,2000,False,,-0.20805665850639343,0.20805665850639343,0.012044529430568218,15.768642083508894,16.0,31.537284167017788,0.6632410274827293,1.3010300397872925,256,,,,,,16.0,geometric,euler,,,False
ODE geometric euler (steps=16),ode_transport,,3,5000,False,,-0.0929282009601593,0.0929282009601593,0.004562992136925459,15.774717775010505,16.0,78.87358887505252,0.6632410274827293,1.3010300397872925,256,,,,,,16.0,geometric,euler,,,False
ODE geometric euler (steps=16),ode_transport,,3,10000,False,,-0.1019299328327179,0.1019299328327179,0.00531624723225832,16.17883583330549,16.0,161.78835833305493,0.6632410274827293,1.3010300397872925,256,,,,,,16.0,geometric,euler,,,False
ODE geometric euler (steps=16),ode_transport,,5,200,False,,-1.553978443145752,1.553978443145752,0.06321585178375244,15.77939291484654,16.0,3.155878582969308,0.49227236102681293,0.9812721610069275,256,,,,,,16.0,geometric,euler,,,False
ODE geometric euler (steps=16),ode_transport,,5,500,False,,-0.6079045534133911,0.6079045534133911,0.023863187059760094,15.678771750070155,16.0,7.839385875035077,0.49227236102681293,0.9812721610069275,256,,,,,,16.0,geometric,euler,,,False
ODE geometric euler (steps=16),ode_transport,,5,1000,False,,-0.471207857131958,0.471207857131958,0.013705522753298283,15.609543374972418,16.0,15.609543374972418,0.49227236102681293,0.9812721610069275,256,,,,,,16.0,geometric,euler,,,False
ODE geometric euler (steps=16),ode_transport,,5,2000,False,,-0.2037312537431717,0.2037312537431717,0.008102375082671642,15.581188499985728,16.0,31.162376999971457,0.49227236102681293,0.9812721610069275,256,,,,,,16.0,geometric,euler,,,False
ODE geometric euler (steps=16),ode_transport,,5,5000,False,,-0.09810826927423477,0.09810826927423477,0.005363857839256525,15.582558591593989,16.0,77.91279295796994,0.49227236102681293,0.9812721610069275,256,,,,,,16.0,geometric,euler,,,False
ODE geometric euler (steps=16),ode_transport,,5,10000,False,,-0.06345898658037186,0.06345898658037186,0.003870436456054449,15.982630783296191,16.0,159.8263078329619,0.49227236102681293,0.9812721610069275,256,,,,,,16.0,geometric,euler,,,False
ODE geometric euler (steps=32),ode_transport,,2,200,False,,-3.516385316848755,3.516385316848755,0.17538535594940186,32.652890205499716,32.0,6.530578041099943,0.7736472887975158,1.791282057762146,256,,,,,,32.0,geometric,euler,,,False
ODE geometric euler (steps=32),ode_transport,,2,500,False,,-0.946553647518158,0.946553647518158,0.04840951785445213,32.083734000101686,32.0,16.041867000050843,0.7736472887975158,1.791282057762146,256,,,,,,32.0,geometric,euler,,,False
ODE geometric euler (steps=32),ode_transport,,2,1000,False,,-0.35580888390541077,0.35580888390541077,0.02089829184114933,30.338604916003533,32.0,30.338604916003533,0.7736472887975158,1.791282057762146,256,,,,,,32.0,geometric,euler,,,False
ODE geometric euler (steps=32),ode_transport,,2,2000,False,,-0.14547252655029297,0.14547252655029297,0.007319374475628138,29.54848585400032,32.0,59.09697170800064,0.7736472887975158,1.791282057762146,256,,,,,,32.0,geometric,euler,,,False
ODE geometric euler (steps=32),ode_transport,,2,5000,False,,-0.08740750700235367,0.08740750700235367,0.0047128694131970406,29.609550316608512,32.0,148.04775158304255,0.7736472887975158,1.791282057762146,256,,,,,,32.0,geometric,euler,,,False
ODE geometric euler (steps=32),ode_transport,,2,10000,False,,-0.07731900364160538,0.07731900364160538,0.004684934392571449,29.306986625003628,32.0,293.0698662500363,0.7736472887975158,1.791282057762146,256,,,,,,32.0,geometric,euler,,,False
ODE geometric euler (steps=32),ode_transport,,1,200,False,,-3.2922821044921875,3.2922821044921875,0.17206712067127228,28.11735375027638,32.0,5.623470750055276,0.7183869942261355,1.6240068674087524,256,,,,,,32.0,geometric,euler,,,False
ODE geometric euler (steps=32),ode_transport,,1,500,False,,-0.9001076817512512,0.9001076817512512,0.047989752143621445,28.297241250053048,32.0,14.148620625026524,0.7183869942261355,1.6240068674087524,256,,,,,,32.0,geometric,euler,,,False
ODE geometric euler (steps=32),ode_transport,,1,1000,False,,-0.34451285004615784,0.34451285004615784,0.020755140110850334,28.259161917027086,32.0,28.259161917027086,0.7183869942261355,1.6240068674087524,256,,,,,,32.0,geometric,euler,,,False
ODE geometric euler (steps=32),ode_transport,,1,2000,False,,-0.1362372487783432,0.1362372487783432,0.007532131392508745,28.42737843754003,32.0,56.85475687508006,0.7183869942261355,1.6240068674087524,256,,,,,,32.0,geometric,euler,,,False
ODE geometric euler (steps=32),ode_transport,,1,5000,False,,-0.0640685111284256,0.0640685111284256,0.003392888931557536,28.925645091803744,32.0,144.62822545901872,0.7183869942261355,1.6240068674087524,256,,,,,,32.0,geometric,euler,,,False
ODE geometric euler (steps=32),ode_transport,,1,10000,False,,-0.06559029221534729,0.06559029221534729,0.004781156312674284,28.78055414170958,32.0,287.8055414170958,0.7183869942261355,1.6240068674087524,256,,,,,,32.0,geometric,euler,,,False
ODE geometric euler (steps=32),ode_transport,,4,200,False,,-2.7999837398529053,2.7999837398529053,0.10291331261396408,28.601677705300972,32.0,5.720335541060194,0.6849529080978692,1.6269466876983643,256,,,,,,32.0,geometric,euler,,,False
ODE geometric euler (steps=32),ode_transport,,4,500,False,,-0.6547311544418335,0.6547311544418335,0.03031812608242035,28.48520650016144,32.0,14.24260325008072,0.6849529080978692,1.6269466876983643,256,,,,,,32.0,geometric,euler,,,False
ODE geometric euler (steps=32),ode_transport,,4,1000,False,,-0.2848880887031555,0.2848880887031555,0.015512262471020222,28.6398762910394,32.0,28.6398762910394,0.6849529080978692,1.6269466876983643,256,,,,,,32.0,geometric,euler,,,False
ODE geometric euler (steps=32),ode_transport,,4,2000,False,,-0.20143473148345947,0.20143473148345947,0.009585156105458736,29.105146291549318,32.0,58.210292583098635,0.6849529080978692,1.6269466876983643,256,,,,,,32.0,geometric,euler,,,False
ODE geometric euler (steps=32),ode_transport,,4,5000,False,,-0.09584391862154007,0.09584391862154007,0.0047009726986289024,29.694932758202775,32.0,148.47466379101388,0.6849529080978692,1.6269466876983643,256,,,,,,32.0,geometric,euler,,,False
ODE geometric euler (steps=32),ode_transport,,4,10000,False,,-0.043039411306381226,0.043039411306381226,0.002761242911219597,29.064644270809367,32.0,290.6464427080937,0.6849529080978692,1.6269466876983643,256,,,,,,32.0,geometric,euler,,,False
ODE geometric euler (steps=32),ode_transport,,3,200,False,,-2.050842523574829,2.050842523574829,0.06904105097055435,28.300288544851355,32.0,5.660057708970271,0.5911684841760909,1.1445282697677612,256,,,,,,32.0,geometric,euler,,,False
ODE geometric euler (steps=32),ode_transport,,3,500,False,,-0.6398718357086182,0.6398718357086182,0.026720361784100533,29.317770418012515,32.0,14.658885209006257,0.5911684841760909,1.1445282697677612,256,,,,,,32.0,geometric,euler,,,False
ODE geometric euler (steps=32),ode_transport,,3,1000,False,,-0.4005335569381714,0.4005335569381714,0.02120530977845192,30.7587055839831,32.0,30.7587055839831,0.5911684841760909,1.1445282697677612,256,,,,,,32.0,geometric,euler,,,False
ODE geometric euler (steps=32),ode_transport,,3,2000,False,,-0.21130797266960144,0.21130797266960144,0.011548040434718132,30.106280167005025,32.0,60.21256033401005,0.5911684841760909,1.1445282697677612,256,,,,,,32.0,geometric,euler,,,False
ODE geometric euler (steps=32),ode_transport,,3,5000,False,,-0.1142650619149208,0.1142650619149208,0.005010557826608419,29.410959083400666,32.0,147.05479541700333,0.5911684841760909,1.1445282697677612,256,,,,,,32.0,geometric,euler,,,False
ODE geometric euler (steps=32),ode_transport,,3,10000,False,,-0.10130175948143005,0.10130175948143005,0.005282707046717405,29.429618287505583,32.0,294.2961828750558,0.5911684841760909,1.1445282697677612,256,,,,,,32.0,geometric,euler,,,False
ODE geometric euler (steps=32),ode_transport,,5,200,False,,-1.5885239839553833,1.5885239839553833,0.0633045956492424,28.159288544557057,32.0,5.6318577089114115,0.5085103728496221,0.9751772284507751,256,,,,,,32.0,geometric,euler,,,False
ODE geometric euler (steps=32),ode_transport,,5,500,False,,-0.6088930368423462,0.6088930368423462,0.023669125512242317,27.90808016783558,32.0,13.95404008391779,0.5085103728496221,0.9751772284507751,256,,,,,,32.0,geometric,euler,,,False
ODE geometric euler (steps=32),ode_transport,,5,1000,False,,-0.48731696605682373,0.48731696605682373,0.013370552100241184,28.21756491693668,32.0,28.21756491693668,0.5085103728496221,0.9751772284507751,256,,,,,,32.0,geometric,euler,,,False
ODE geometric euler (steps=32),ode_transport,,5,2000,False,,-0.20218494534492493,0.20218494534492493,0.006760681048035622,29.65294747950975,32.0,59.3058949590195,0.5085103728496221,0.9751772284507751,256,,,,,,32.0,geometric,euler,,,False
ODE geometric euler (steps=32),ode_transport,,5,5000,False,,-0.09621554613113403,0.09621554613113403,0.004893858451396227,28.99334454180207,32.0,144.96672270901036,0.5085103728496221,0.9751772284507751,256,,,,,,32.0,geometric,euler,,,False
ODE geometric euler (steps=32),ode_transport,,5,10000,False,,-0.06919215619564056,0.06919215619564056,0.0037956619635224342,28.985351924994028,32.0,289.8535192499403,0.5085103728496221,0.9751772284507751,256,,,,,,32.0,geometric,euler,,,False
ODE geometric midpoint (steps=4),ode_transport,,2,200,False,,-3.565732479095459,3.565732479095459,0.17661435902118683,9.206631040433422,8.0,1.8413262080866843,0.7847758230232034,1.898825764656067,256,,,,,,4.0,geometric,midpoint,,,False
ODE geometric midpoint (steps=4),ode_transport,,2,500,False,,-0.9651310443878174,0.9651310443878174,0.04873386397957802,9.194312582025304,8.0,4.597156291012652,0.7847758230232034,1.898825764656067,256,,,,,,4.0,geometric,midpoint,,,False
ODE geometric midpoint (steps=4),ode_transport,,2,1000,False,,-0.36690351366996765,0.36690351366996765,0.020580094307661057,9.13834120798856,8.0,9.13834120798856,0.7847758230232034,1.898825764656067,256,,,,,,4.0,geometric,midpoint,,,False
ODE geometric midpoint (steps=4),ode_transport,,2,2000,False,,-0.14865916967391968,0.14865916967391968,0.0069901361130177975,9.37929220800288,8.0,18.75858441600576,0.7847758230232034,1.898825764656067,256,,,,,,4.0,geometric,midpoint,,,False
ODE geometric midpoint (steps=4),ode_transport,,2,5000,False,,-0.08487404882907867,0.08487404882907867,0.004139155615121126,9.59851339161396,8.0,47.9925669580698,0.7847758230232034,1.898825764656067,256,,,,,,4.0,geometric,midpoint,,,False
ODE geometric midpoint (steps=4),ode_transport,,2,10000,False,,-0.06638672947883606,0.06638672947883606,0.004307074472308159,9.607847729104105,8.0,96.07847729104105,0.7847758230232034,1.898825764656067,256,,,,,,4.0,geometric,midpoint,,,False
ODE geometric midpoint (steps=4),ode_transport,,1,200,False,,-3.3085083961486816,3.3085083961486816,0.17201034724712372,9.535099794738926,8.0,1.9070199589477852,0.7396173261596959,1.7418153285980225,256,,,,,,4.0,geometric,midpoint,,,False
ODE geometric midpoint (steps=4),ode_transport,,1,500,False,,-0.9146274328231812,0.9146274328231812,0.04799957200884819,9.3756595000159,8.0,4.68782975000795,0.7396173261596959,1.7418153285980225,256,,,,,,4.0,geometric,midpoint,,,False
ODE geometric midpoint (steps=4),ode_transport,,1,1000,False,,-0.3591539263725281,0.3591539263725281,0.020407849922776222,10.175297874957323,8.0,10.175297874957323,0.7396173261596959,1.7418153285980225,256,,,,,,4.0,geometric,midpoint,,,False
ODE geometric midpoint (steps=4),ode_transport,,1,2000,False,,-0.15165308117866516,0.15165308117866516,0.007050097920000553,9.698768458503764,8.0,19.39753691700753,0.7396173261596959,1.7418153285980225,256,,,,,,4.0,geometric,midpoint,,,False
ODE geometric midpoint (steps=4),ode_transport,,1,5000,False,,-0.0627443939447403,0.0627443939447403,0.0032752230763435364,9.578996116807684,8.0,47.89498058403842,0.7396173261596959,1.7418153285980225,256,,,,,,4.0,geometric,midpoint,,,False
ODE geometric midpoint (steps=4),ode_transport,,1,10000,False,,-0.05646046996116638,0.05646046996116638,0.003821172984316945,9.619432395894545,8.0,96.19432395894546,0.7396173261596959,1.7418153285980225,256,,,,,,4.0,geometric,midpoint,,,False
ODE geometric midpoint (steps=4),ode_transport,,4,200,False,,-2.8095901012420654,2.8095901012420654,0.10188674926757812,9.69480041472707,8.0,1.9389600829454139,0.6987433388595307,1.5630179643630981,256,,,,,,4.0,geometric,midpoint,,,False
ODE geometric midpoint (steps=4),ode_transport,,4,500,False,,-0.6783666014671326,0.6783666014671326,0.030514540150761604,9.515213415957987,8.0,4.757606707978994,0.6987433388595307,1.5630179643630981,256,,,,,,4.0,geometric,midpoint,,,False
ODE geometric midpoint (steps=4),ode_transport,,4,1000,False,,-0.2924598455429077,0.2924598455429077,0.015219688415527344,9.478733290918171,8.0,9.478733290918171,0.6987433388595307,1.5630179643630981,256,,,,,,4.0,geometric,midpoint,,,False
ODE geometric midpoint (steps=4),ode_transport,,4,2000,False,,-0.20914077758789062,0.20914077758789062,0.00789691787213087,9.33577249996597,8.0,18.67154499993194,0.6987433388595307,1.5630179643630981,256,,,,,,4.0,geometric,midpoint,,,False
ODE geometric midpoint (steps=4),ode_transport,,4,5000,False,,-0.1172400638461113,0.1172400638461113,0.004897570703178644,9.42051989159081,8.0,47.10259945795406,0.6987433388595307,1.5630179643630981,256,,,,,,4.0,geometric,midpoint,,,False
ODE geometric midpoint (steps=4),ode_transport,,4,10000,False,,-0.06909268349409103,0.06909268349409103,0.0032862278167158365,9.452736158296466,8.0,94.52736158296466,0.6987433388595307,1.5630179643630981,256,,,,,,4.0,geometric,midpoint,,,False
ODE geometric midpoint (steps=4),ode_transport,,3,200,False,,-2.0938780307769775,2.0938780307769775,0.06923680007457733,9.095660210005008,8.0,1.8191320420010015,0.5865457060113333,1.259642481803894,256,,,,,,4.0,geometric,midpoint,,,False
ODE geometric midpoint (steps=4),ode_transport,,3,500,False,,-0.6632804274559021,0.6632804274559021,0.0276248250156641,9.202317499788478,8.0,4.601158749894239,0.5865457060113333,1.259642481803894,256,,,,,,4.0,geometric,midpoint,,,False
ODE geometric midpoint (steps=4),ode_transport,,3,1000,False,,-0.4112332761287689,0.4112332761287689,0.020620735362172127,9.168376916903071,8.0,9.168376916903071,0.5865457060113333,1.259642481803894,256,,,,,,4.0,geometric,midpoint,,,False
ODE geometric midpoint (steps=4),ode_transport,,3,2000,False,,-0.20622548460960388,0.20622548460960388,0.009424252435564995,9.122647291980684,8.0,18.245294583961368,0.5865457060113333,1.259642481803894,256,,,,,,4.0,geometric,midpoint,,,False
ODE geometric midpoint (steps=4),ode_transport,,3,5000,False,,-0.10245994478464127,0.10245994478464127,0.0039470624178647995,9.314317191787996,8.0,46.57158595893998,0.5865457060113333,1.259642481803894,256,,,,,,4.0,geometric,midpoint,,,False
ODE geometric midpoint (steps=4),ode_transport,,3,10000,False,,-0.06565000116825104,0.06565000116825104,0.0037615373730659485,9.41464817499509,8.0,94.14648174995091,0.5865457060113333,1.259642481803894,256,,,,,,4.0,geometric,midpoint,,,False
ODE geometric midpoint (steps=4),ode_transport,,5,200,False,,-1.6072102785110474,1.6072102785110474,0.06335155665874481,8.988217085134238,8.0,1.7976434170268476,0.5283508594684715,1.0143671035766602,256,,,,,,4.0,geometric,midpoint,,,False
ODE geometric midpoint (steps=4),ode_transport,,5,500,False,,-0.6139987707138062,0.6139987707138062,0.023819411173462868,8.961441999999806,8.0,4.480720999999903,0.5283508594684715,1.0143671035766602,256,,,,,,4.0,geometric,midpoint,,,False
ODE geometric midpoint (steps=4),ode_transport,,5,1000,False,,-0.4905865490436554,0.4905865490436554,0.01399210188537836,9.008227166952565,8.0,9.008227166952565,0.5283508594684715,1.0143671035766602,256,,,,,,4.0,geometric,midpoint,,,False
ODE geometric midpoint (steps=4),ode_transport,,5,2000,False,,-0.19962505996227264,0.19962505996227264,0.006402816157788038,8.97016916697612,8.0,17.94033833395224,0.5283508594684715,1.0143671035766602,256,,,,,,4.0,geometric,midpoint,,,False
ODE geometric midpoint (steps=4),ode_transport,,5,5000,False,,-0.08923006057739258,0.08923006057739258,0.00439006183296442,9.052177800005301,8.0,45.26088900002651,0.5283508594684715,1.0143671035766602,256,,,,,,4.0,geometric,midpoint,,,False
ODE geometric midpoint (steps=4),ode_transport,,5,10000,False,,-0.07719918340444565,0.07719918340444565,0.0036310383584350348,9.343730420898646,8.0,93.43730420898646,0.5283508594684715,1.0143671035766602,256,,,,,,4.0,geometric,midpoint,,,False
ODE geometric midpoint (steps=8),ode_transport,,2,200,False,,-3.584617853164673,3.584617853164673,0.1770087331533432,16.142720835050568,16.0,3.2285441670101136,0.8220983173717928,1.9828252792358398,256,,,,,,8.0,geometric,midpoint,,,False
ODE geometric midpoint (steps=8),ode_transport,,2,500,False,,-0.9735504388809204,0.9735504388809204,0.04910760745406151,15.997971834149212,16.0,7.998985917074606,0.8220983173717928,1.9828252792358398,256,,,,,,8.0,geometric,midpoint,,,False
ODE geometric midpoint (steps=8),ode_transport,,2,1000,False,,-0.366916298866272,0.366916298866272,0.020342446863651276,16.532244458096102,16.0,16.532244458096102,0.8220983173717928,1.9828252792358398,256,,,,,,8.0,geometric,midpoint,,,False
ODE geometric midpoint (steps=8),ode_transport,,2,2000,False,,-0.14934924244880676,0.14934924244880676,0.00704977847635746,15.934713062539231,16.0,31.869426125078462,0.8220983173717928,1.9828252792358398,256,,,,,,8.0,geometric,midpoint,,,False
ODE geometric midpoint (steps=8),ode_transport,,2,5000,False,,-0.08532298356294632,0.08532298356294632,0.004184715915471315,16.124524708418175,16.0,80.62262354209088,0.8220983173717928,1.9828252792358398,256,,,,,,8.0,geometric,midpoint,,,False
ODE geometric midpoint (steps=8),ode_transport,,2,10000,False,,-0.07465194165706635,0.07465194165706635,0.004375282675027847,16.076907645806205,16.0,160.76907645806205,0.8220983173717928,1.9828252792358398,256,,,,,,8.0,geometric,midpoint,,,False
ODE geometric midpoint (steps=8),ode_transport,,1,200,False,,-3.337888479232788,3.337888479232788,0.1728278547525406,19.251549790496938,16.0,3.8503099580993876,0.7530860587054581,1.8083107471466064,256,,,,,,8.0,geometric,midpoint,,,False
ODE geometric midpoint (steps=8),ode_transport,,1,500,False,,-0.9239271879196167,0.9239271879196167,0.04836592823266983,16.861664832103997,16.0,8.430832416051999,0.7530860587054581,1.8083107471466064,256,,,,,,8.0,geometric,midpoint,,,False
ODE geometric midpoint (steps=8),ode_transport,,1,1000,False,,-0.3588954508304596,0.3588954508304596,0.020493943244218826,16.13257962500211,16.0,16.13257962500211,0.7530860587054581,1.8083107471466064,256,,,,,,8.0,geometric,midpoint,,,False
ODE geometric midpoint (steps=8),ode_transport,,1,2000,False,,-0.1427845060825348,0.1427845060825348,0.007469545118510723,15.622864437522367,16.0,31.245728875044733,0.7530860587054581,1.8083107471466064,256,,,,,,8.0,geometric,midpoint,,,False
ODE geometric midpoint (steps=8),ode_transport,,1,5000,False,,-0.06204468756914139,0.06204468756914139,0.0032538212835788727,16.35867975000292,16.0,81.7933987500146,0.7530860587054581,1.8083107471466064,256,,,,,,8.0,geometric,midpoint,,,False
ODE geometric midpoint (steps=8),ode_transport,,1,10000,False,,-0.05729108303785324,0.05729108303785324,0.0044238572008907795,16.169900720810983,16.0,161.69900720810983,0.7530860587054581,1.8083107471466064,256,,,,,,8.0,geometric,midpoint,,,False
ODE geometric midpoint (steps=8),ode_transport,,4,200,False,,-2.838662624359131,2.838662624359131,0.10197272151708603,14.999448335147463,16.0,2.9998896670294926,0.6967633700851452,1.6800698041915894,256,,,,,,8.0,geometric,midpoint,,,False
ODE geometric midpoint (steps=8),ode_transport,,4,500,False,,-0.6845492720603943,0.6845492720603943,0.030636077746748924,14.965411250013858,16.0,7.482705625006929,0.6967633700851452,1.6800698041915894,256,,,,,,8.0,geometric,midpoint,,,False
ODE geometric midpoint (steps=8),ode_transport,,4,1000,False,,-0.29447054862976074,0.29447054862976074,0.01535133644938469,15.042005666997284,16.0,15.042005666997284,0.6967633700851452,1.6800698041915894,256,,,,,,8.0,geometric,midpoint,,,False
ODE geometric midpoint (steps=8),ode_transport,,4,2000,False,,-0.20971250534057617,0.20971250534057617,0.008026356808841228,15.857023771037348,16.0,31.714047542074695,0.6967633700851452,1.6800698041915894,256,,,,,,8.0,geometric,midpoint,,,False
ODE geometric midpoint (steps=8),ode_transport,,4,5000,False,,-0.10241253674030304,0.10241253674030304,0.0046877008862793446,16.302734208409674,16.0,81.51367104204837,0.6967633700851452,1.6800698041915894,256,,,,,,8.0,geometric,midpoint,,,False
ODE geometric midpoint (steps=8),ode_transport,,4,10000,False,,-0.03906690329313278,0.03906690329313278,0.0025162382517009974,16.347602575004565,16.0,163.47602575004566,0.6967633700851452,1.6800698041915894,256,,,,,,8.0,geometric,midpoint,,,False
ODE geometric midpoint (steps=8),ode_transport,,3,200,False,,-2.1268577575683594,2.1268577575683594,0.06992404162883759,16.426957914954983,16.0,3.2853915829909965,0.6059893796505564,1.2074551582336426,256,,,,,,8.0,geometric,midpoint,,,False
ODE geometric midpoint (steps=8),ode_transport,,3,500,False,,-0.6674727201461792,0.6674727201461792,0.027379877865314484,16.127201666124165,16.0,8.063600833062083,0.6059893796505564,1.2074551582336426,256,,,,,,8.0,geometric,midpoint,,,False
ODE geometric midpoint (steps=8),ode_transport,,3,1000,False,,-0.41299957036972046,0.41299957036972046,0.020239332690835,15.927792040980421,16.0,15.927792040980421,0.6059893796505564,1.2074551582336426,256,,,,,,8.0,geometric,midpoint,,,False
ODE geometric midpoint (steps=8),ode_transport,,3,2000,False,,-0.20349527895450592,0.20349527895450592,0.0089467978104949,15.899412062484771,16.0,31.798824124969542,0.6059893796505564,1.2074551582336426,256,,,,,,8.0,geometric,midpoint,,,False
ODE geometric midpoint (steps=8),ode_transport,,3,5000,False,,-0.10086073726415634,0.10086073726415634,0.004300737287849188,15.65312932501547,16.0,78.26564662507735,0.6059893796505564,1.2074551582336426,256,,,,,,8.0,geometric,midpoint,,,False
ODE geometric midpoint (steps=8),ode_transport,,3,10000,False,,-0.08630958199501038,0.08630958199501038,0.004303876310586929,16.08776820410276,16.0,160.87768204102758,0.6059893796505564,1.2074551582336426,256,,,,,,8.0,geometric,midpoint,,,False
ODE geometric midpoint (steps=8),ode_transport,,5,200,False,,-1.6128047704696655,1.6128047704696655,0.0630882978439331,15.507678124704398,16.0,3.1015356249408796,0.532969348689113,1.0343172550201416,256,,,,,,8.0,geometric,midpoint,,,False
ODE geometric midpoint (steps=8),ode_transport,,5,500,False,,-0.6165241599082947,0.6165241599082947,0.023836903274059296,15.333521750057116,16.0,7.666760875028558,0.532969348689113,1.0343172550201416,256,,,,,,8.0,geometric,midpoint,,,False
ODE geometric midpoint (steps=8),ode_transport,,5,1000,False,,-0.4910886585712433,0.4910886585712433,0.013916611671447754,15.55223070899956,16.0,15.55223070899956,0.532969348689113,1.0343172550201416,256,,,,,,8.0,geometric,midpoint,,,False
ODE geometric midpoint (steps=8),ode_transport,,5,2000,False,,-0.20007556676864624,0.20007556676864624,0.006384584587067366,15.712329541973304,16.0,31.424659083946608,0.532969348689113,1.0343172550201416,256,,,,,,8.0,geometric,midpoint,,,False
ODE geometric midpoint (steps=8),ode_transport,,5,5000,False,,-0.09350794553756714,0.09350794553756714,0.004340622574090958,15.754520483408124,16.0,78.77260241704062,0.532969348689113,1.0343172550201416,256,,,,,,8.0,geometric,midpoint,,,False
ODE geometric midpoint (steps=8),ode_transport,,5,10000,False,,-0.07397912442684174,0.07397912442684174,0.0035616278182715178,16.037660662503914,16.0,160.37660662503913,0.532969348689113,1.0343172550201416,256,,,,,,8.0,geometric,midpoint,,,False
ODE geometric rk4 (steps=4),ode_transport,,2,200,False,,-3.5931384563446045,3.5931384563446045,0.1772516369819641,15.731761875213124,16.0,3.1463523750426248,0.8396426065683472,1.8888177871704102,256,,,,,,4.0,geometric,rk4,,,False
ODE geometric rk4 (steps=4),ode_transport,,2,500,False,,-0.9741010665893555,0.9741010665893555,0.049168508499860764,17.07291483413428,16.0,8.53645741706714,0.8396426065683472,1.8888177871704102,256,,,,,,4.0,geometric,rk4,,,False
ODE geometric rk4 (steps=4),ode_transport,,2,1000,False,,-0.36222463846206665,0.36222463846206665,0.020061079412698746,18.071464792010374,16.0,18.071464792010374,0.8396426065683472,1.8888177871704102,256,,,,,,4.0,geometric,rk4,,,False
ODE geometric rk4 (steps=4),ode_transport,,2,2000,False,,-0.14792168140411377,0.14792168140411377,0.0070349592715501785,17.39374135399703,16.0,34.78748270799406,0.8396426065683472,1.8888177871704102,256,,,,,,4.0,geometric,rk4,,,False
ODE geometric rk4 (steps=4),ode_transport,,2,5000,False,,-0.08672933280467987,0.08672933280467987,0.0041898563504219055,17.500058150012045,16.0,87.50029075006023,0.8396426065683472,1.8888177871704102,256,,,,,,4.0,geometric,rk4,,,False
ODE geometric rk4 (steps=4),ode_transport,,2,10000,False,,-0.07942242920398712,0.07942242920398712,0.00452837161719799,16.70553776670713,16.0,167.0553776670713,0.8396426065683472,1.8888177871704102,256,,,,,,4.0,geometric,rk4,,,False
ODE geometric rk4 (steps=4),ode_transport,,1,200,False,,-3.3464365005493164,3.3464365005493164,0.17309339344501495,20.655444790027104,16.0,4.131088958005421,0.7407439577325906,1.726457953453064,256,,,,,,4.0,geometric,rk4,,,False
ODE geometric rk4 (steps=4),ode_transport,,1,500,False,,-0.9264799952507019,0.9264799952507019,0.048523303121328354,18.924416749970987,16.0,9.462208374985494,0.7407439577325906,1.726457953453064,256,,,,,,4.0,geometric,rk4,,,False
ODE geometric rk4 (steps=4),ode_transport,,1,1000,False,,-0.35400819778442383,0.35400819778442383,0.020237542688846588,17.77798095799517,16.0,17.77798095799517,0.7407439577325906,1.726457953453064,256,,,,,,4.0,geometric,rk4,,,False
ODE geometric rk4 (steps=4),ode_transport,,1,2000,False,,-0.15356189012527466,0.15356189012527466,0.007654255256056786,16.839774291496724,16.0,33.67954858299345,0.7407439577325906,1.726457953453064,256,,,,,,4.0,geometric,rk4,,,False
ODE geometric rk4 (steps=4),ode_transport,,1,5000,False,,-0.06475863605737686,0.06475863605737686,0.003371201688423753,16.86403845818713,16.0,84.32019229093567,0.7407439577325906,1.726457953453064,256,,,,,,4.0,geometric,rk4,,,False
ODE geometric rk4 (steps=4),ode_transport,,1,10000,False,,-0.056411586701869965,0.056411586701869965,0.00446334108710289,16.02973484999966,16.0,160.2973484999966,0.7407439577325906,1.726457953453064,256,,,,,,4.0,geometric,rk4,,,False
ODE geometric rk4 (steps=4),ode_transport,,4,200,False,,-2.8473258018493652,2.8473258018493652,0.10185752063989639,15.949331875308417,16.0,3.1898663750616834,0.7145329970661943,1.6518745422363281,256,,,,,,4.0,geometric,rk4,,,False
ODE geometric rk4 (steps=4),ode_transport,,4,500,False,,-0.6870196461677551,0.6870196461677551,0.03063521906733513,15.779117834055796,16.0,7.889558917027898,0.7145329970661943,1.6518745422363281,256,,,,,,4.0,geometric,rk4,,,False
ODE geometric rk4 (steps=4),ode_transport,,4,1000,False,,-0.2935740351676941,0.2935740351676941,0.01532570831477642,15.85648245899938,16.0,15.85648245899938,0.7145329970661943,1.6518745422363281,256,,,,,,4.0,geometric,rk4,,,False
ODE geometric rk4 (steps=4),ode_transport,,4,2000,False,,-0.21049320697784424,0.21049320697784424,0.008017076179385185,18.102843687520362,16.0,36.205687375040725,0.7145329970661943,1.6518745422363281,256,,,,,,4.0,geometric,rk4,,,False
ODE geometric rk4 (steps=4),ode_transport,,4,5000,False,,-0.11473748832941055,0.11473748832941055,0.004920944105833769,16.746672974992542,16.0,83.73336487496272,0.7145329970661943,1.6518745422363281,256,,,,,,4.0,geometric,rk4,,,False
ODE geometric rk4 (steps=4),ode_transport,,4,10000,False,,-0.06521068513393402,0.06521068513393402,0.0032472964376211166,16.29827763340436,16.0,162.9827763340436,0.7145329970661943,1.6518745422363281,256,,,,,,4.0,geometric,rk4,,,False
ODE geometric rk4 (steps=4),ode_transport,,3,200,False,,-2.1333398818969727,2.1333398818969727,0.07004111260175705,15.825318750576116,16.0,3.1650637501152232,0.6352397841717551,1.225678563117981,256,,,,,,4.0,geometric,rk4,,,False
ODE geometric rk4 (steps=4),ode_transport,,3,500,False,,-0.6680735349655151,0.6680735349655151,0.027254151180386543,15.89236183417961,16.0,7.946180917089805,0.6352397841717551,1.225678563117981,256,,,,,,4.0,geometric,rk4,,,False
ODE geometric rk4 (steps=4),ode_transport,,3,1000,False,,-0.41381263732910156,0.41381263732910156,0.02010619454085827,15.550317500019446,16.0,15.550317500019446,0.6352397841717551,1.225678563117981,256,,,,,,4.0,geometric,rk4,,,False
ODE geometric rk4 (steps=4),ode_transport,,3,2000,False,,-0.20812568068504333,0.20812568068504333,0.009674467146396637,15.717502792016603,16.0,31.435005584033206,0.6352397841717551,1.225678563117981,256,,,,,,4.0,geometric,rk4,,,False
ODE geometric rk4 (steps=4),ode_transport,,3,5000,False,,-0.16536232829093933,0.16536232829093933,0.005216526798903942,16.301983500015922,16.0,81.50991750007961,0.6352397841717551,1.225678563117981,256,,,,,,4.0,geometric,rk4,,,False
ODE geometric rk4 (steps=4),ode_transport,,3,10000,False,,-0.12249816209077835,0.12249816209077835,0.004788215737789869,16.255145129200535,16.0,162.55145129200537,0.6352397841717551,1.225678563117981,256,,,,,,4.0,geometric,rk4,,,False
ODE geometric rk4 (steps=4),ode_transport,,5,200,False,,-1.5981038808822632,1.5981038808822632,0.06014719605445862,15.834005210199393,16.0,3.1668010420398787,0.5614859991080283,1.0105316638946533,256,,,,,,4.0,geometric,rk4,,,False
ODE geometric rk4 (steps=4),ode_transport,,5,500,False,,-0.6158432960510254,0.6158432960510254,0.02383778989315033,15.594298333860934,16.0,7.797149166930467,0.5614859991080283,1.0105316638946533,256,,,,,,4.0,geometric,rk4,,,False
ODE geometric rk4 (steps=4),ode_transport,,5,1000,False,,-0.48965513706207275,0.48965513706207275,0.013559693470597267,15.767278708983213,16.0,15.767278708983213,0.5614859991080283,1.0105316638946533,256,,,,,,4.0,geometric,rk4,,,False
ODE geometric rk4 (steps=4),ode_transport,,5,2000,False,,-0.20121777057647705,0.20121777057647705,0.0064348154701292515,15.737585271010175,16.0,31.47517054202035,0.5614859991080283,1.0105316638946533,256,,,,,,4.0,geometric,rk4,,,False
ODE geometric rk4 (steps=4),ode_transport,,5,5000,False,,-0.09557974338531494,0.09557974338531494,0.004326429218053818,16.254810458398424,16.0,81.27405229199212,0.5614859991080283,1.0105316638946533,256,,,,,,4.0,geometric,rk4,,,False
ODE geometric rk4 (steps=4),ode_transport,,5,10000,False,,-0.07825879752635956,0.07825879752635956,0.0036578746512532234,16.476894662494306,16.0,164.76894662494306,0.5614859991080283,1.0105316638946533,256,,,,,,4.0,geometric,rk4,,,False
ODE geometric rk4 (steps=8),ode_transport,,2,200,False,,-3.5903987884521484,3.5903987884521484,0.17721015214920044,27.043518544523977,32.0,5.408703708904795,0.8112017628963548,1.8966288566589355,256,,,,,,8.0,geometric,rk4,,,False
ODE geometric rk4 (steps=8),ode_transport,,2,500,False,,-0.9739912748336792,0.9739912748336792,0.04915628582239151,27.39876833395101,32.0,13.699384166975506,0.8112017628963548,1.8966288566589355,256,,,,,,8.0,geometric,rk4,,,False
ODE geometric rk4 (steps=8),ode_transport,,2,1000,False,,-0.3665931820869446,0.3665931820869446,0.020250454545021057,27.87214262492489,32.0,27.87214262492489,0.8112017628963548,1.8966288566589355,256,,,,,,8.0,geometric,rk4,,,False
ODE geometric rk4 (steps=8),ode_transport,,2,2000,False,,-0.1505340188741684,0.1505340188741684,0.0072907498106360435,28.280632812471595,32.0,56.56126562494319,0.8112017628963548,1.8966288566589355,256,,,,,,8.0,geometric,rk4,,,False
ODE geometric rk4 (steps=8),ode_transport,,2,5000,False,,-0.08906488120555878,0.08906488120555878,0.0044976454228162766,27.93883965839632,32.0,139.6941982919816,0.8112017628963548,1.8966288566589355,256,,,,,,8.0,geometric,rk4,,,False
ODE geometric rk4 (steps=8),ode_transport,,2,10000,False,,-0.07029728591442108,0.07029728591442108,0.0044377995654940605,28.346811620891096,32.0,283.46811620891094,0.8112017628963548,1.8966288566589355,256,,,,,,8.0,geometric,rk4,,,False
ODE geometric rk4 (steps=8),ode_transport,,1,200,False,,-3.3456225395202637,3.3456225395202637,0.1730978935956955,25.803159165079705,32.0,5.160631833015941,0.7601502008401636,1.7386962175369263,256,,,,,,8.0,geometric,rk4,,,False
ODE geometric rk4 (steps=8),ode_transport,,1,500,False,,-0.9261614680290222,0.9261614680290222,0.048527445644140244,26.569879916030914,32.0,13.284939958015457,0.7601502008401636,1.7386962175369263,256,,,,,,8.0,geometric,rk4,,,False
ODE geometric rk4 (steps=8),ode_transport,,1,1000,False,,-0.3542912006378174,0.3542912006378174,0.020155882462859154,26.618242542026564,32.0,26.618242542026564,0.7601502008401636,1.7386962175369263,256,,,,,,8.0,geometric,rk4,,,False
ODE geometric rk4 (steps=8),ode_transport,,1,2000,False,,-0.14178654551506042,0.14178654551506042,0.00748945539817214,26.75155058351811,32.0,53.50310116703622,0.7601502008401636,1.7386962175369263,256,,,,,,8.0,geometric,rk4,,,False
ODE geometric rk4 (steps=8),ode_transport,,1,5000,False,,-0.06357266008853912,0.06357266008853912,0.003430400975048542,26.454132066597232,32.0,132.27066033298615,0.7601502008401636,1.7386962175369263,256,,,,,,8.0,geometric,rk4,,,False
ODE geometric rk4 (steps=8),ode_transport,,1,10000,False,,-0.057416342198848724,0.057416342198848724,0.0043212538585066795,26.782744475000072,32.0,267.8274447500007,0.7601502008401636,1.7386962175369263,256,,,,,,8.0,geometric,rk4,,,False
ODE geometric rk4 (steps=8),ode_transport,,4,200,False,,-2.848052501678467,2.848052501678467,0.10196061432361603,29.49827417032793,32.0,5.899654834065586,0.7124890585901821,1.7185050249099731,256,,,,,,8.0,geometric,rk4,,,False
ODE geometric rk4 (steps=8),ode_transport,,4,500,False,,-0.6861355304718018,0.6861355304718018,0.030662743374705315,28.449435000075027,32.0,14.224717500037514,0.7124890585901821,1.7185050249099731,256,,,,,,8.0,geometric,rk4,,,False
ODE geometric rk4 (steps=8),ode_transport,,4,1000,False,,-0.29487890005111694,0.29487890005111694,0.015397191047668457,28.153343709069304,32.0,28.153343709069304,0.7124890585901821,1.7185050249099731,256,,,,,,8.0,geometric,rk4,,,False
ODE geometric rk4 (steps=8),ode_transport,,4,2000,False,,-0.2060735523700714,0.2060735523700714,0.009081783704459667,27.661586895992514,32.0,55.32317379198503,0.7124890585901821,1.7185050249099731,256,,,,,,8.0,geometric,rk4,,,False
ODE geometric rk4 (steps=8),ode_transport,,4,5000,False,,-0.11026109009981155,0.11026109009981155,0.00519909942522645,28.040125308395364,32.0,140.20062654197682,0.7124890585901821,1.7185050249099731,256,,,,,,8.0,geometric,rk4,,,False
ODE geometric rk4 (steps=8),ode_transport,,4,10000,False,,-0.0444767028093338,0.0444767028093338,0.0027270542923361063,28.37378637919901,32.0,283.7378637919901,0.7124890585901821,1.7185050249099731,256,,,,,,8.0,geometric,rk4,,,False
ODE geometric rk4 (steps=8),ode_transport,,3,200,False,,-2.132251024246216,2.132251024246216,0.07004079222679138,28.443612710107118,32.0,5.688722542021424,0.5827484537694898,1.2101023197174072,256,,,,,,8.0,geometric,rk4,,,False
ODE geometric rk4 (steps=8),ode_transport,,3,500,False,,-0.6680536270141602,0.6680536270141602,0.027271248400211334,27.082096084021032,32.0,13.541048042010516,0.5827484537694898,1.2101023197174072,256,,,,,,8.0,geometric,rk4,,,False
ODE geometric rk4 (steps=8),ode_transport,,3,1000,False,,-0.41375207901000977,0.41375207901000977,0.02012597769498825,26.389821624965407,32.0,26.389821624965407,0.5827484537694898,1.2101023197174072,256,,,,,,8.0,geometric,rk4,,,False
ODE geometric rk4 (steps=8),ode_transport,,3,2000,False,,-0.2087966501712799,0.2087966501712799,0.009690848179161549,26.373190479003824,32.0,52.74638095800765,0.5827484537694898,1.2101023197174072,256,,,,,,8.0,geometric,rk4,,,False
ODE geometric rk4 (steps=8),ode_transport,,3,5000,False,,-0.10959957540035248,0.10959957540035248,0.004703609272837639,26.29958885840606,32.0,131.4979442920303,0.5827484537694898,1.2101023197174072,256,,,,,,8.0,geometric,rk4,,,False
ODE geometric rk4 (steps=8),ode_transport,,3,10000,False,,-0.06179531663656235,0.06179531663656235,0.004001088906079531,26.521399325004314,32.0,265.21399325004313,0.5827484537694898,1.2101023197174072,256,,,,,,8.0,geometric,rk4,,,False
ODE geometric rk4 (steps=8),ode_transport,,5,200,False,,-1.5982410907745361,1.5982410907745361,0.06015988439321518,30.143737709731795,32.0,6.028747541946359,0.5342185412080166,0.9679005742073059,256,,,,,,8.0,geometric,rk4,,,False
ODE geometric rk4 (steps=8),ode_transport,,5,500,False,,-0.6153900027275085,0.6153900027275085,0.02384367398917675,31.83592516812496,32.0,15.91796258406248,0.5342185412080166,0.9679005742073059,256,,,,,,8.0,geometric,rk4,,,False
ODE geometric rk4 (steps=8),ode_transport,,5,1000,False,,-0.48968854546546936,0.48968854546546936,0.013561015948653221,30.07211366703268,32.0,30.07211366703268,0.5342185412080166,0.9679005742073059,256,,,,,,8.0,geometric,rk4,,,False
ODE geometric rk4 (steps=8),ode_transport,,5,2000,False,,-0.20103061199188232,0.20103061199188232,0.00644091097638011,28.4915611044853,32.0,56.9831222089706,0.5342185412080166,0.9679005742073059,256,,,,,,8.0,geometric,rk4,,,False
ODE geometric rk4 (steps=8),ode_transport,,5,5000,False,,-0.09629888832569122,0.09629888832569122,0.005090103484690189,27.992118483409286,32.0,139.96059241704643,0.5342185412080166,0.9679005742073059,256,,,,,,8.0,geometric,rk4,,,False
ODE geometric rk4 (steps=8),ode_transport,,5,10000,False,,-0.08081177622079849,0.08081177622079849,0.003863739548251033,28.011556866695173,32.0,280.11556866695173,0.5342185412080166,0.9679005742073059,256,,,,,,8.0,geometric,rk4,,,False
ODE geometric dopri5,ode_transport,,2,200,False,,-3.59389591217041,3.59389591217041,0.1772153228521347,37.58536500041373,38.0,7.517073000082746,0.7961094740280187,1.8221092224121094,256,,,,,,,geometric,dopri5,1e-05,1e-07,False
ODE geometric dopri5,ode_transport,,2,500,False,,-0.9696515798568726,0.9696515798568726,0.049060117453336716,35.90119250002317,38.0,17.950596250011586,0.7961094740280187,1.8221092224121094,256,,,,,,,geometric,dopri5,1e-05,1e-07,False
ODE geometric dopri5,ode_transport,,2,1000,False,,-0.3633524179458618,0.3633524179458618,0.020126821473240852,37.066065333085135,32.0,37.066065333085135,0.7961094740280187,1.8221092224121094,256,,,,,,,geometric,dopri5,1e-05,1e-07,False
ODE geometric dopri5,ode_transport,,2,2000,False,,-0.14931437373161316,0.14931437373161316,0.007196941412985325,41.50780829152791,56.0,83.01561658305582,0.7961094740280187,1.8221092224121094,256,,,,,,,geometric,dopri5,1e-05,1e-07,False
ODE geometric dopri5,ode_transport,,2,5000,False,,-0.08796671032905579,0.08796671032905579,0.0043634213507175446,45.24590845841449,50.0,226.22954229207244,0.7961094740280187,1.8221092224121094,256,,,,,,,geometric,dopri5,1e-05,1e-07,False
ODE geometric dopri5,ode_transport,,2,10000,False,,-0.06599269062280655,0.06599269062280655,0.004190538544207811,47.49217189580668,62.0,474.9217189580668,0.7961094740280187,1.8221092224121094,256,,,,,,,geometric,dopri5,1e-05,1e-07,False
ODE geometric dopri5,ode_transport,,1,200,False,,-3.3422060012817383,3.3422060012817383,0.17307209968566895,29.75642395496834,32.0,5.951284790993668,0.7483450025632946,1.804136872291565,256,,,,,,,geometric,dopri5,1e-05,1e-07,False
ODE geometric dopri5,ode_transport,,1,500,False,,-0.9291297197341919,0.9291297197341919,0.04850881174206734,30.842568831983954,32.0,15.421284415991977,0.7483450025632946,1.804136872291565,256,,,,,,,geometric,dopri5,1e-05,1e-07,False
ODE geometric dopri5,ode_transport,,1,1000,False,,-0.35454919934272766,0.35454919934272766,0.020165270194411278,32.32656233292073,32.0,32.32656233292073,0.7483450025632946,1.804136872291565,256,,,,,,,geometric,dopri5,1e-05,1e-07,False
ODE geometric dopri5,ode_transport,,1,2000,False,,-0.14713969826698303,0.14713969826698303,0.007462195120751858,36.97664602048462,56.0,73.95329204096925,0.7483450025632946,1.804136872291565,256,,,,,,,geometric,dopri5,1e-05,1e-07,False
ODE geometric dopri5,ode_transport,,1,5000,False,,-0.06800397485494614,0.06800397485494614,0.0035893735475838184,41.37683824158739,62.0,206.88419120793696,0.7483450025632946,1.804136872291565,256,,,,,,,geometric,dopri5,1e-05,1e-07,False
ODE geometric dopri5,ode_transport,,1,10000,False,,-0.056364256888628006,0.056364256888628006,0.004500841721892357,44.26795990829123,62.0,442.6795990829123,0.7483450025632946,1.804136872291565,256,,,,,,,geometric,dopri5,1e-05,1e-07,False
ODE geometric dopri5,ode_transport,,4,200,False,,-2.8600196838378906,2.8600196838378906,0.10201653093099594,35.6977243750589,38.0,7.139544875011779,0.7003266084698985,1.6111869812011719,256,,,,,,,geometric,dopri5,1e-05,1e-07,False
ODE geometric dopri5,ode_transport,,4,500,False,,-0.6872987151145935,0.6872987151145935,0.030651375651359558,37.53271341603249,32.0,18.766356708016247,0.7003266084698985,1.6111869812011719,256,,,,,,,geometric,dopri5,1e-05,1e-07,False
ODE geometric dopri5,ode_transport,,4,1000,False,,-0.2921128273010254,0.2921128273010254,0.015340166166424751,37.16726804210339,50.0,37.16726804210339,0.7003266084698985,1.6111869812011719,256,,,,,,,geometric,dopri5,1e-05,1e-07,False
ODE geometric dopri5,ode_transport,,4,2000,False,,-0.20694130659103394,0.20694130659103394,0.007895653136074543,41.250968646025285,62.0,82.50193729205057,0.7003266084698985,1.6111869812011719,256,,,,,,,geometric,dopri5,1e-05,1e-07,False
ODE geometric dopri5,ode_transport,,4,5000,False,,-0.10955202579498291,0.10955202579498291,0.005331797990947962,46.876432708417994,56.0,234.38216354208998,0.7003266084698985,1.6111869812011719,256,,,,,,,geometric,dopri5,1e-05,1e-07,False
ODE geometric dopri5,ode_transport,,4,10000,False,,-0.047374993562698364,0.047374993562698364,0.0028241616673767567,51.1396865125047,68.0,511.39686512504704,0.7003266084698985,1.6111869812011719,256,,,,,,,geometric,dopri5,1e-05,1e-07,False
ODE geometric dopri5,ode_transport,,3,200,False,,-2.1344852447509766,2.1344852447509766,0.07005128264427185,30.497107914998196,32.0,6.099421582999639,0.5753785130517469,1.1778128147125244,256,,,,,,,geometric,dopri5,1e-05,1e-07,False
ODE geometric dopri5,ode_transport,,3,500,False,,-0.6696631908416748,0.6696631908416748,0.027289260178804398,31.28140175016597,38.0,15.640700875082985,0.5753785130517469,1.1778128147125244,256,,,,,,,geometric,dopri5,1e-05,1e-07,False
ODE geometric dopri5,ode_transport,,3,1000,False,,-0.4140769839286804,0.4140769839286804,0.02010904625058174,31.931160375010222,38.0,31.931160375010222,0.5753785130517469,1.1778128147125244,256,,,,,,,geometric,dopri5,1e-05,1e-07,False
ODE geometric dopri5,ode_transport,,3,2000,False,,-0.20276199281215668,0.20276199281215668,0.008952653966844082,34.90619512501871,56.0,69.81239025003742,0.5753785130517469,1.1778128147125244,256,,,,,,,geometric,dopri5,1e-05,1e-07,False
ODE geometric dopri5,ode_transport,,3,5000,False,,-0.10434545576572418,0.10434545576572418,0.0042853644117712975,40.838048241613436,56.0,204.19024120806716,0.5753785130517469,1.1778128147125244,256,,,,,,,geometric,dopri5,1e-05,1e-07,False
ODE geometric dopri5,ode_transport,,3,10000,False,,-0.06968911737203598,0.06968911737203598,0.003992361482232809,44.55216900830855,62.0,445.52169008308556,0.5753785130517469,1.1778128147125244,256,,,,,,,geometric,dopri5,1e-05,1e-07,False
ODE geometric dopri5,ode_transport,,5,200,False,,-1.5985444784164429,1.5985444784164429,0.06013049930334091,33.48411062499508,32.0,6.6968221249990165,0.5547992356457527,0.9893319010734558,256,,,,,,,geometric,dopri5,1e-05,1e-07,False
ODE geometric dopri5,ode_transport,,5,500,False,,-0.6115249991416931,0.6115249991416931,0.02369760349392891,34.477816000115126,44.0,17.238908000057563,0.5547992356457527,0.9893319010734558,256,,,,,,,geometric,dopri5,1e-05,1e-07,False
ODE geometric dopri5,ode_transport,,5,1000,False,,-0.48974597454071045,0.48974597454071045,0.013534056954085827,36.03650754108094,38.0,36.03650754108094,0.5547992356457527,0.9893319010734558,256,,,,,,,geometric,dopri5,1e-05,1e-07,False
ODE geometric dopri5,ode_transport,,5,2000,False,,-0.20187753438949585,0.20187753438949585,0.006753383204340935,37.14308535400778,56.0,74.28617070801556,0.5547992356457527,0.9893319010734558,256,,,,,,,geometric,dopri5,1e-05,1e-07,False
ODE geometric dopri5,ode_transport,,5,5000,False,,-0.09450048953294754,0.09450048953294754,0.004090125672519207,42.697944766609,50.0,213.489723833045,0.5547992356457527,0.9893319010734558,256,,,,,,,geometric,dopri5,1e-05,1e-07,False
ODE geometric dopri5,ode_transport,,5,10000,False,,-0.09472496062517166,0.09472496062517166,0.0037864765617996454,45.28104061660124,50.0,452.8104061660124,0.5547992356457527,0.9893319010734558,256,,,,,,,geometric,dopri5,1e-05,1e-07,False
score_function (MC=64),score_function,score_function,2,200,False,,-6.343297481536865,6.343297481536865,0.3411215543746948,3.5275700001511723,,0.7055140000302345,1.547275046114042,4.165708541870117,64,none,,,,,,,,,,True
score_function (MC=64),score_function,score_function,2,500,False,,-1.9280345439910889,1.9280345439910889,0.13703064620494843,3.4707613340578973,,1.7353806670289487,1.547275046114042,4.165708541870117,64,none,,,,,,,,,,False
score_function (MC=64),score_function,score_function,2,1000,False,,-0.759628415107727,0.759628415107727,0.0751798078417778,3.455327917006798,,3.455327917006798,1.547275046114042,4.165708541870117,64,none,,,,,,,,,,False
score_function (MC=64),score_function,score_function,2,2000,False,,-0.2863187789916992,0.2863187789916992,0.02867646887898445,3.364542083523702,,6.729084167047404,1.547275046114042,4.165708541870117,64,none,,,,,,,,,,False
score_function (MC=64),score_function,score_function,2,5000,False,,-0.11443470418453217,0.11443470418453217,0.009585914202034473,3.3176055083982647,,16.588027541991323,1.547275046114042,4.165708541870117,64,none,,,,,,,,,,False
score_function (MC=64),score_function,score_function,2,10000,False,,-0.09890858829021454,0.09890858829021454,0.0057650660164654255,3.265654966700822,,32.65654966700822,1.547275046114042,4.165708541870117,64,none,,,,,,,,,,False
score_function (MC=64),score_function,score_function,1,200,False,,-5.772377014160156,5.772377014160156,0.306449830532074,3.4970112500013784,,0.6994022500002757,1.4460895146115602,4.2553277015686035,64,none,,,,,,,,,,True
score_function (MC=64),score_function,score_function,1,500,False,,-1.9092814922332764,1.9092814922332764,0.1372375786304474,3.445843334076926,,1.722921667038463,1.4460895146115602,4.2553277015686035,64,none,,,,,,,,,,False
score_function (MC=64),score_function,score_function,1,1000,False,,-0.6066687107086182,0.6066687107086182,0.044789716601371765,3.396145207923837,,3.396145207923837,1.4460895146115602,4.2553277015686035,64,none,,,,,,,,,,False
score_function (MC=64),score_function,score_function,1,2000,False,,-0.2926083505153656,0.2926083505153656,0.019564855843782425,3.506393896008376,,7.012787792016752,1.4460895146115602,4.2553277015686035,64,none,,,,,,,,,,False
score_function (MC=64),score_function,score_function,1,5000,False,,-0.10426086187362671,0.10426086187362671,0.007286275736987591,3.388893266604282,,16.94446633302141,1.4460895146115602,4.2553277015686035,64,none,,,,,,,,,,False
score_function (MC=64),score_function,score_function,1,10000,False,,-0.05149403586983681,0.05149403586983681,0.0030806646682322025,3.4254345124936663,,34.25434512493666,1.4460895146115602,4.2553277015686035,64,none,,,,,,,,,,False
score_function (MC=64),score_function,score_function,4,200,False,,-5.07634973526001,5.07634973526001,0.20001672208309174,3.6941614554962143,,0.7388322910992429,1.397666194347212,3.7338225841522217,64,none,,,,,,,,,,True
score_function (MC=64),score_function,score_function,4,500,False,,-1.5357944965362549,1.5357944965362549,0.07351440191268921,3.5314895000774413,,1.7657447500387207,1.397666194347212,3.7338225841522217,64,none,,,,,,,,,,False
score_function (MC=64),score_function,score_function,4,1000,False,,-0.5442750453948975,0.5442750453948975,0.0313856303691864,3.4824328330578282,,3.4824328330578282,1.397666194347212,3.7338225841522217,64,none,,,,,,,,,,False
score_function (MC=64),score_function,score_function,4,2000,False,,-0.27471446990966797,0.27471446990966797,0.016760049387812614,3.3916113125160336,,6.783222625032067,1.397666194347212,3.7338225841522217,64,none,,,,,,,,,,False
score_function (MC=64),score_function,score_function,4,5000,False,,-0.19838938117027283,0.19838938117027283,0.0059220148250460625,3.271289058215916,,16.35644529107958,1.397666194347212,3.7338225841522217,64,none,,,,,,,,,,False
score_function (MC=64),score_function,score_function,4,10000,False,,-0.19833475351333618,0.19833475351333618,0.005448433104902506,3.2543916791095397,,32.5439167910954,1.397666194347212,3.7338225841522217,64,none,,,,,,,,,,False
score_function (MC=64),score_function,score_function,3,200,False,,-4.087348937988281,4.087348937988281,0.13699229061603546,3.3606610452989116,,0.6721322090597823,1.0023019741078953,2.9945414066314697,64,none,,,,,,,,,,False
score_function (MC=64),score_function,score_function,3,500,False,,-1.4142789840698242,1.4142789840698242,0.0656442642211914,3.3566245001275092,,1.6783122500637546,1.0023019741078953,2.9945414066314697,64,none,,,,,,,,,,False
score_function (MC=64),score_function,score_function,3,1000,False,,-0.548801064491272,0.548801064491272,0.017310844734311104,3.292024250025861,,3.292024250025861,1.0023019741078953,2.9945414066314697,64,none,,,,,,,,,,False
score_function (MC=64),score_function,score_function,3,2000,False,,-0.4405969977378845,0.4405969977378845,0.01044432818889618,3.249833458510693,,6.499666917021386,1.0023019741078953,2.9945414066314697,64,none,,,,,,,,,,False
score_function (MC=64),score_function,score_function,3,5000,False,,-0.12554849684238434,0.12554849684238434,0.005394221283495426,3.193939283397049,,15.969696416985244,1.0023019741078953,2.9945414066314697,64,none,,,,,,,,,,False
score_function (MC=64),score_function,score_function,3,10000,False,,-0.047179147601127625,0.047179147601127625,0.0033888625912368298,3.242323800001759,,32.42323800001759,1.0023019741078953,2.9945414066314697,64,none,,,,,,,,,,False
score_function (MC=64),score_function,score_function,5,200,False,,-4.4479851722717285,4.4479851722717285,0.2222716510295868,3.455889584729448,,0.6911779169458896,1.2182254187886405,3.511220693588257,64,none,,,,,,,,,,False
score_function (MC=64),score_function,score_function,5,500,False,,-1.2659156322479248,1.2659156322479248,0.06873776763677597,3.431758665945381,,1.7158793329726905,1.2182254187886405,3.511220693588257,64,none,,,,,,,,,,False
score_function (MC=64),score_function,score_function,5,1000,False,,-0.6294864416122437,0.6294864416122437,0.030410295352339745,3.3975579580292106,,3.3975579580292106,1.2182254187886405,3.511220693588257,64,none,,,,,,,,,,False
score_function (MC=64),score_function,score_function,5,2000,False,,-0.4417586624622345,0.4417586624622345,0.027256261557340622,3.349395375000313,,6.698790750000626,1.2182254187886405,3.511220693588257,64,none,,,,,,,,,,False
score_function (MC=64),score_function,score_function,5,5000,False,,-0.1263548731803894,0.1263548731803894,0.005239374935626984,3.244953891588375,,16.224769457941875,1.2182254187886405,3.511220693588257,64,none,,,,,,,,,,False
score_function (MC=64),score_function,score_function,5,10000,False,,-0.08581112325191498,0.08581112325191498,0.00392671674489975,3.244531816698145,,32.44531816698145,1.2182254187886405,3.511220693588257,64,none,,,,,,,,,,False
score_function (MC=1024),score_function,score_function,2,200,False,,-4.068814277648926,4.068814277648926,0.18150746822357178,4.240987499943003,,0.8481974999886006,0.685849757427766,1.8392068147659302,1024,none,,,,,,,,,,False
score_function (MC=1024),score_function,score_function,2,500,False,,-1.1090856790542603,1.1090856790542603,0.05633268877863884,4.358919416088611,,2.1794597080443054,0.685849757427766,1.8392068147659302,1024,none,,,,,,,,,,False
score_function (MC=1024),score_function,score_function,2,1000,False,,-0.4358460307121277,0.4358460307121277,0.03141314163804054,4.3029302910435945,,4.3029302910435945,0.685849757427766,1.8392068147659302,1024,none,,,,,,,,,,False
score_function (MC=1024),score_function,score_function,2,2000,False,,-0.15920144319534302,0.15920144319534302,0.008153221569955349,4.139101270469837,,8.278202540939674,0.685849757427766,1.8392068147659302,1024,none,,,,,,,,,,False
score_function (MC=1024),score_function,score_function,2,5000,False,,-0.0847325325012207,0.0847325325012207,0.0036948968190699816,4.174358300003223,,20.871791500016116,0.685849757427766,1.8392068147659302,1024,none,,,,,,,,,,False
score_function (MC=1024),score_function,score_function,2,10000,False,,-0.07695991545915604,0.07695991545915604,0.00400878582149744,4.271726837498136,,42.71726837498136,0.685849757427766,1.8392068147659302,1024,none,,,,,,,,,,False
score_function (MC=1024),score_function,score_function,1,200,False,,-3.403715133666992,3.403715133666992,0.15664049983024597,4.367912500165403,,0.8735825000330806,0.5937587738090375,1.5889899730682373,1024,none,,,,,,,,,,False
score_function (MC=1024),score_function,score_function,1,500,False,,-0.9470558166503906,0.9470558166503906,0.06659996509552002,4.297885250067338,,2.148942625033669,0.5937587738090375,1.5889899730682373,1024,none,,,,,,,,,,False
score_function (MC=1024),score_function,score_function,1,1000,False,,-0.35333144664764404,0.35333144664764404,0.015376935712993145,4.208107250044122,,4.208107250044122,0.5937587738090375,1.5889899730682373,1024,none,,,,,,,,,,False
score_function (MC=1024),score_function,score_function,1,2000,False,,-0.1658104807138443,0.1658104807138443,0.009206284768879414,4.197776145476382,,8.395552290952764,0.5937587738090375,1.5889899730682373,1024,none,,,,,,,,,,False
score_function (MC=1024),score_function,score_function,1,5000,False,,-0.047739773988723755,0.047739773988723755,0.00286416825838387,4.236811608192511,,21.184058040962555,0.5937587738090375,1.5889899730682373,1024,none,,,,,,,,,,False
score_function (MC=1024),score_function,score_function,1,10000,False,,-0.04746394604444504,0.04746394604444504,0.0028242666739970446,4.288914429105352,,42.889144291053526,0.5937587738090375,1.5889899730682373,1024,none,,,,,,,,,,False
score_function (MC=1024),score_function,score_function,4,200,False,,-2.8003311157226562,2.8003311157226562,0.12222280353307724,4.379844375071116,,0.8759688750142232,0.4921880707292989,1.247603416442871,1024,none,,,,,,,,,,False
score_function (MC=1024),score_function,score_function,4,500,False,,-0.7595901489257812,0.7595901489257812,0.04134819656610489,4.363306750077754,,2.181653375038877,0.4921880707292989,1.247603416442871,1024,none,,,,,,,,,,False
score_function (MC=1024),score_function,score_function,4,1000,False,,-0.34083905816078186,0.34083905816078186,0.024770548567175865,4.401395999942906,,4.401395999942906,0.4921880707292989,1.247603416442871,1024,none,,,,,,,,,,False
score_function (MC=1024),score_function,score_function,4,2000,False,,-0.19886358082294464,0.19886358082294464,0.006634986028075218,4.36179162497865,,8.7235832499573,0.4921880707292989,1.247603416442871,1024,none,,,,,,,,,,False
score_function (MC=1024),score_function,score_function,4,5000,False,,-0.0934872180223465,0.0934872180223465,0.003948864992707968,4.315492224995978,,21.57746112497989,0.4921880707292989,1.247603416442871,1024,none,,,,,,,,,,False
score_function (MC=1024),score_function,score_function,4,10000,False,,-0.04431593418121338,0.04431593418121338,0.003115388797596097,4.318601566692815,,43.18601566692814,0.4921880707292989,1.247603416442871,1024,none,,,,,,,,,,False
score_function (MC=1024),score_function,score_function,3,200,False,,-2.32138991355896,2.32138991355896,0.08093896508216858,4.072718954994343,,0.8145437909988686,0.4346022918252704,1.0293229818344116,1024,none,,,,,,,,,,False
score_function (MC=1024),score_function,score_function,3,500,False,,-0.6883677840232849,0.6883677840232849,0.026231203228235245,4.181754499906674,,2.090877249953337,0.4346022918252704,1.0293229818344116,1024,none,,,,,,,,,,False
score_function (MC=1024),score_function,score_function,3,1000,False,,-0.38696956634521484,0.38696956634521484,0.015016916207969189,4.076341499923728,,4.076341499923728,0.4346022918252704,1.0293229818344116,1024,none,,,,,,,,,,False
score_function (MC=1024),score_function,score_function,3,2000,False,,-0.2247425764799118,0.2247425764799118,0.008215449750423431,4.028557041485328,,8.057114082970656,0.4346022918252704,1.0293229818344116,1024,none,,,,,,,,,,False
score_function (MC=1024),score_function,score_function,3,5000,False,,-0.08989061415195465,0.08989061415195465,0.003900079056620598,4.166003466583788,,20.830017332918942,0.4346022918252704,1.0293229818344116,1024,none,,,,,,,,,,False
score_function (MC=1024),score_function,score_function,3,10000,False,,-0.08134759962558746,0.08134759962558746,0.003932649735361338,4.250797908299137,,42.50797908299137,0.4346022918252704,1.0293229818344116,1024,none,,,,,,,,,,False
score_function (MC=1024),score_function,score_function,5,200,False,,-1.8388322591781616,1.8388322591781616,0.06872483342885971,4.268798124976456,,0.8537596249952912,0.3730764072507608,0.8332312703132629,1024,none,,,,,,,,,,False
score_function (MC=1024),score_function,score_function,5,500,False,,-0.6488158702850342,0.6488158702850342,0.02834397926926613,4.18967325007543,,2.094836625037715,0.3730764072507608,0.8332312703132629,1024,none,,,,,,,,,,False
score_function (MC=1024),score_function,score_function,5,1000,False,,-0.4951697587966919,0.4951697587966919,0.01590863987803459,4.122525208047591,,4.122525208047591,0.3730764072507608,0.8332312703132629,1024,none,,,,,,,,,,False
score_function (MC=1024),score_function,score_function,5,2000,False,,-0.21771053969860077,0.21771053969860077,0.00712195411324501,4.328590999997687,,8.657181999995373,0.3730764072507608,0.8332312703132629,1024,none,,,,,,,,,,False
score_function (MC=1024),score_function,score_function,5,5000,False,,-0.08856483548879623,0.08856483548879623,0.00368193699978292,4.238654624996707,,21.193273124983534,0.3730764072507608,0.8332312703132629,1024,none,,,,,,,,,,False
score_function (MC=1024),score_function,score_function,5,10000,False,,-0.030209146440029144,0.030209146440029144,0.0024977445136755705,4.323796045803465,,43.23796045803465,0.3730764072507608,0.8332312703132629,1024,none,,,,,,,,,,False
score_function_rloo (MC=64),score_function,score_function_rloo,2,200,False,,-6.06683349609375,6.06683349609375,0.3319271206855774,3.4961270849453285,,0.6992254169890657,1.476435813124943,3.9207088947296143,64,rloo,,,,,,,,,,True
score_function_rloo (MC=64),score_function,score_function_rloo,2,500,False,,-1.8580223321914673,1.8580223321914673,0.1338060200214386,3.454850999871269,,1.7274254999356344,1.476435813124943,3.9207088947296143,64,rloo,,,,,,,,,,False
score_function_rloo (MC=64),score_function,score_function_rloo,2,1000,False,,-0.7251293063163757,0.7251293063163757,0.07452209293842316,3.419214249937795,,3.419214249937795,1.476435813124943,3.9207088947296143,64,rloo,,,,,,,,,,False
score_function_rloo (MC=64),score_function,score_function_rloo,2,2000,False,,-0.2761461138725281,0.2761461138725281,0.02719956450164318,3.3639571669627912,,6.7279143339255825,1.476435813124943,3.9207088947296143,64,rloo,,,,,,,,,,False
score_function_rloo (MC=64),score_function,score_function_rloo,2,5000,False,,-0.11336256563663483,0.11336256563663483,0.009140774607658386,3.3062401417875664,,16.53120070893783,1.476435813124943,3.9207088947296143,64,rloo,,,,,,,,,,False
score_function_rloo (MC=64),score_function,score_function_rloo,2,10000,False,,-0.09812033176422119,0.09812033176422119,0.005535920616239309,3.321490116696805,,33.21490116696805,1.476435813124943,3.9207088947296143,64,rloo,,,,,,,,,,False
score_function_rloo (MC=64),score_function,score_function_rloo,1,200,False,,-5.560655117034912,5.560655117034912,0.30080434679985046,3.396968329907395,,0.679393665981479,1.3789482316598796,3.878953456878662,64,rloo,,,,,,,,,,True
score_function_rloo (MC=64),score_function,score_function_rloo,1,500,False,,-1.7880291938781738,1.7880291938781738,0.12992677092552185,3.440536831971258,,1.720268415985629,1.3789482316598796,3.878953456878662,64,rloo,,,,,,,,,,False
score_function_rloo (MC=64),score_function,score_function_rloo,1,1000,False,,-0.5858315229415894,0.5858315229415894,0.04419134557247162,3.4117922079749405,,3.4117922079749405,1.3789482316598796,3.878953456878662,64,rloo,,,,,,,,,,False
score_function_rloo (MC=64),score_function,score_function_rloo,1,2000,False,,-0.2786403000354767,0.2786403000354767,0.01934889890253544,3.329145416500978,,6.658290833001956,1.3789482316598796,3.878953456878662,64,rloo,,,,,,,,,,False
score_function_rloo (MC=64),score_function,score_function_rloo,1,5000,False,,-0.10233931243419647,0.10233931243419647,0.0071745021268725395,3.2961393249919637,,16.48069662495982,1.3789482316598796,3.878953456878662,64,rloo,,,,,,,,,,False
score_function_rloo (MC=64),score_function,score_function_rloo,1,10000,False,,-0.0506463348865509,0.0506463348865509,0.003082429524511099,3.3842760290950538,,33.84276029095054,1.3789482316598796,3.878953456878662,64,rloo,,,,,,,,,,False
score_function_rloo (MC=64),score_function,score_function_rloo,4,200,False,,-4.877530097961426,4.877530097961426,0.19321118295192719,3.425222709774971,,0.6850445419549942,1.297252659686189,3.3597426414489746,64,rloo,,,,,,,,,,False
score_function_rloo (MC=64),score_function,score_function_rloo,4,500,False,,-1.4352617263793945,1.4352617263793945,0.06839771568775177,3.4616794178728014,,1.7308397089364007,1.297252659686189,3.3597426414489746,64,rloo,,,,,,,,,,False
score_function_rloo (MC=64),score_function,score_function_rloo,4,1000,False,,-0.504690408706665,0.504690408706665,0.028598971664905548,3.3745675839018077,,3.3745675839018077,1.297252659686189,3.3597426414489746,64,rloo,,,,,,,,,,False
score_function_rloo (MC=64),score_function,score_function_rloo,4,2000,False,,-0.25386929512023926,0.25386929512023926,0.01393811870366335,3.2735998959979042,,6.5471997919958085,1.297252659686189,3.3597426414489746,64,rloo,,,,,,,,,,False
score_function_rloo (MC=64),score_function,score_function_rloo,4,5000,False,,-0.19892902672290802,0.19892902672290802,0.005883616395294666,3.175886033382267,,15.879430166911334,1.297252659686189,3.3597426414489746,64,rloo,,,,,,,,,,False
score_function_rloo (MC=64),score_function,score_function_rloo,4,10000,False,,-0.19826830923557281,0.19826830923557281,0.005484973546117544,3.128554599999916,,31.285545999999158,1.297252659686189,3.3597426414489746,64,rloo,,,,,,,,,,False
score_function_rloo (MC=64),score_function,score_function_rloo,3,200,False,,-3.8543405532836914,3.8543405532836914,0.13212747871875763,3.6078381253173575,,0.7215676250634715,0.9421796165741947,2.808743715286255,64,rloo,,,,,,,,,,False
score_function_rloo (MC=64),score_function,score_function_rloo,3,500,False,,-1.351580023765564,1.351580023765564,0.06320471316576004,3.472081833984703,,1.7360409169923514,0.9421796165741947,2.808743715286255,64,rloo,,,,,,,,,,False
score_function_rloo (MC=64),score_function,score_function_rloo,3,1000,False,,-0.5702736973762512,0.5702736973762512,0.019499991089105606,3.4266739580780268,,3.4266739580780268,0.9421796165741947,2.808743715286255,64,rloo,,,,,,,,,,False
score_function_rloo (MC=64),score_function,score_function_rloo,3,2000,False,,-0.40129148960113525,0.40129148960113525,0.01141343917697668,3.375477083493024,,6.750954166986048,0.9421796165741947,2.808743715286255,64,rloo,,,,,,,,,,False
score_function_rloo (MC=64),score_function,score_function_rloo,3,5000,False,,-0.10951315611600876,0.10951315611600876,0.004917937330901623,3.310752616613172,,16.55376308306586,0.9421796165741947,2.808743715286255,64,rloo,,,,,,,,,,False
score_function_rloo (MC=64),score_function,score_function_rloo,3,10000,False,,-0.04767578840255737,0.04767578840255737,0.0028934397269040346,3.3615630125044844,,33.615630125044845,0.9421796165741947,2.808743715286255,64,rloo,,,,,,,,,,False
score_function_rloo (MC=64),score_function,score_function_rloo,5,200,False,,-4.394132614135742,4.394132614135742,0.21985860168933868,3.7399835395626724,,0.7479967079125345,1.1919133672363138,3.3806850910186768,64,rloo,,,,,,,,,,False
score_function_rloo (MC=64),score_function,score_function_rloo,5,500,False,,-1.3135031461715698,1.3135031461715698,0.07045625895261765,3.5170877499040216,,1.7585438749520108,1.1919133672363138,3.3806850910186768,64,rloo,,,,,,,,,,False
score_function_rloo (MC=64),score_function,score_function_rloo,5,1000,False,,-0.5979405641555786,0.5979405641555786,0.04195719212293625,3.4605120830237865,,3.4605120830237865,1.1919133672363138,3.3806850910186768,64,rloo,,,,,,,,,,False
score_function_rloo (MC=64),score_function,score_function_rloo,5,2000,False,,-0.318339467048645,0.318339467048645,0.010856210254132748,3.4427730625029653,,6.885546125005931,1.1919133672363138,3.3806850910186768,64,rloo,,,,,,,,,,False
score_function_rloo (MC=64),score_function,score_function_rloo,5,5000,False,,-0.11975759267807007,0.11975759267807007,0.004947430454194546,3.345730041596107,,16.728650207980536,1.1919133672363138,3.3806850910186768,64,rloo,,,,,,,,,,False
score_function_rloo (MC=64),score_function,score_function_rloo,5,10000,False,,-0.08855153620243073,0.08855153620243073,0.004408099222928286,3.331733504193835,,33.31733504193835,1.1919133672363138,3.3806850910186768,64,rloo,,,,,,,,,,False
score_function_rloo (MC=1024),score_function,score_function_rloo,2,200,False,,-3.9709739685058594,3.9709739685058594,0.177285835146904,4.375669999863021,,0.8751339999726042,0.6771573119432422,1.8039170503616333,1024,rloo,,,,,,,,,,False
score_function_rloo (MC=1024),score_function,score_function_rloo,2,500,False,,-1.093770980834961,1.093770980834961,0.05558262765407562,4.505512750009075,,2.2527563750045374,0.6771573119432422,1.8039170503616333,1024,rloo,,,,,,,,,,False
score_function_rloo (MC=1024),score_function,score_function_rloo,2,1000,False,,-0.4311566650867462,0.4311566650867462,0.031132038682699203,4.4205286669312045,,4.4205286669312045,0.6771573119432422,1.8039170503616333,1024,rloo,,,,,,,,,,False
score_function_rloo (MC=1024),score_function,score_function_rloo,2,2000,False,,-0.1566198468208313,0.1566198468208313,0.007740607485175133,4.4306866669794545,,8.861373333958909,0.6771573119432422,1.8039170503616333,1024,rloo,,,,,,,,,,False
score_function_rloo (MC=1024),score_function,score_function_rloo,2,5000,False,,-0.08505111187696457,0.08505111187696457,0.003689795034006238,4.3696702583925795,,21.8483512919629,0.6771573119432422,1.8039170503616333,1024,rloo,,,,,,,,,,False
score_function_rloo (MC=1024),score_function,score_function_rloo,2,10000,False,,-0.07899203896522522,0.07899203896522522,0.004014046397060156,4.375533041695599,,43.755330416955985,0.6771573119432422,1.8039170503616333,1024,rloo,,,,,,,,,,False
score_function_rloo (MC=1024),score_function,score_function_rloo,1,200,False,,-3.370480537414551,3.370480537414551,0.15652665495872498,4.152960415231064,,0.8305920830462128,0.5884411104499129,1.5717471837997437,1024,rloo,,,,,,,,,,False
score_function_rloo (MC=1024),score_function,score_function_rloo,1,500,False,,-0.9388619661331177,0.9388619661331177,0.06639441102743149,4.102076916024089,,2.0510384580120444,0.5884411104499129,1.5717471837997437,1024,rloo,,,,,,,,,,False
score_function_rloo (MC=1024),score_function,score_function_rloo,1,1000,False,,-0.35204726457595825,0.35204726457595825,0.015316442586481571,4.077549500041641,,4.077549500041641,0.5884411104499129,1.5717471837997437,1024,rloo,,,,,,,,,,False
score_function_rloo (MC=1024),score_function,score_function_rloo,1,2000,False,,-0.16313952207565308,0.16313952207565308,0.009124989621341228,4.122550625004806,,8.245101250009611,0.5884411104499129,1.5717471837997437,1024,rloo,,,,,,,,,,False
score_function_rloo (MC=1024),score_function,score_function_rloo,1,5000,False,,-0.04717607423663139,0.04717607423663139,0.0028587619308382273,4.191779933217913,,20.958899666089565,0.5884411104499129,1.5717471837997437,1024,rloo,,,,,,,,,,False
score_function_rloo (MC=1024),score_function,score_function_rloo,1,10000,False,,-0.04742782562971115,0.04742782562971115,0.002826256677508354,4.423815291607752,,44.238152916077524,0.5884411104499129,1.5717471837997437,1024,rloo,,,,,,,,,,False
score_function_rloo (MC=1024),score_function,score_function_rloo,4,200,False,,-2.787311553955078,2.787311553955078,0.12185549736022949,4.359986669733189,,0.8719973339466378,0.4865913616830263,1.2337744235992432,1024,rloo,,,,,,,,,,False
score_function_rloo (MC=1024),score_function,score_function_rloo,4,500,False,,-0.7531484961509705,0.7531484961509705,0.041133735328912735,4.211596667999402,,2.105798333999701,0.4865913616830263,1.2337744235992432,1024,rloo,,,,,,,,,,False
score_function_rloo (MC=1024),score_function,score_function_rloo,4,1000,False,,-0.337928831577301,0.337928831577301,0.024635467678308487,4.120569958933629,,4.120569958933629,0.4865913616830263,1.2337744235992432,1024,rloo,,,,,,,,,,False
score_function_rloo (MC=1024),score_function,score_function_rloo,4,2000,False,,-0.19780907034873962,0.19780907034873962,0.006604289636015892,4.040890916949138,,8.081781833898276,0.4865913616830263,1.2337744235992432,1024,rloo,,,,,,,,,,False
score_function_rloo (MC=1024),score_function,score_function_rloo,4,5000,False,,-0.09324672818183899,0.09324672818183899,0.003948511090129614,4.011029783380218,,20.05514891690109,0.4865913616830263,1.2337744235992432,1024,rloo,,,,,,,,,,False
score_function_rloo (MC=1024),score_function,score_function_rloo,4,10000,False,,-0.04447785019874573,0.04447785019874573,0.0031233106274157763,4.133429379190784,,41.33429379190784,0.4865913616830263,1.2337744235992432,1024,rloo,,,,,,,,,,False
score_function_rloo (MC=1024),score_function,score_function_rloo,3,200,False,,-2.3019635677337646,2.3019635677337646,0.08026833832263947,4.470959585160017,,0.8941919170320034,0.42950806680404835,1.0316674709320068,1024,rloo,,,,,,,,,,False
score_function_rloo (MC=1024),score_function,score_function_rloo,3,500,False,,-0.6852688789367676,0.6852688789367676,0.025996023789048195,4.385071918135509,,2.1925359590677544,0.42950806680404835,1.0316674709320068,1024,rloo,,,,,,,,,,False
score_function_rloo (MC=1024),score_function,score_function_rloo,3,1000,False,,-0.38445866107940674,0.38445866107940674,0.014842482283711433,4.287753917044029,,4.287753917044029,0.42950806680404835,1.0316674709320068,1024,rloo,,,,,,,,,,False
score_function_rloo (MC=1024),score_function,score_function_rloo,3,2000,False,,-0.2254677265882492,0.2254677265882492,0.008207800798118114,4.175291646039113,,8.350583292078227,0.42950806680404835,1.0316674709320068,1024,rloo,,,,,,,,,,False
score_function_rloo (MC=1024),score_function,score_function_rloo,3,5000,False,,-0.08967375755310059,0.08967375755310059,0.0039012369234114885,4.120783766801469,,20.603918834007345,0.42950806680404835,1.0316674709320068,1024,rloo,,,,,,,,,,False
score_function_rloo (MC=1024),score_function,score_function_rloo,3,10000,False,,-0.07998020946979523,0.07998020946979523,0.0038901488296687603,4.213972308405209,,42.13972308405209,0.42950806680404835,1.0316674709320068,1024,rloo,,,,,,,,,,False
score_function_rloo (MC=1024),score_function,score_function_rloo,5,200,False,,-1.8084139823913574,1.8084139823913574,0.06794124096632004,4.341474375105463,,0.8682948750210926,0.3680026696196092,0.8533511161804199,1024,rloo,,,,,,,,,,False
score_function_rloo (MC=1024),score_function,score_function_rloo,5,500,False,,-0.6511130332946777,0.6511130332946777,0.028566952794790268,4.280913084046915,,2.1404565420234576,0.3680026696196092,0.8533511161804199,1024,rloo,,,,,,,,,,False
score_function_rloo (MC=1024),score_function,score_function_rloo,5,1000,False,,-0.5097816586494446,0.5097816586494446,0.016947384923696518,4.165260499925353,,4.165260499925353,0.3680026696196092,0.8533511161804199,1024,rloo,,,,,,,,,,False
score_function_rloo (MC=1024),score_function,score_function_rloo,5,2000,False,,-0.21347570419311523,0.21347570419311523,0.007062465418130159,4.1235175834735855,,8.247035166947171,0.3680026696196092,0.8533511161804199,1024,rloo,,,,,,,,,,False
score_function_rloo (MC=1024),score_function,score_function_rloo,5,5000,False,,-0.08896182477474213,0.08896182477474213,0.0037217538338154554,4.164943666593172,,20.82471833296586,0.3680026696196092,0.8533511161804199,1024,rloo,,,,,,,,,,False
score_function_rloo (MC=1024),score_function,score_function_rloo,5,10000,False,,-0.030657995492219925,0.030657995492219925,0.0025051941629499197,4.2599259582930245,,42.599259582930245,0.3680026696196092,0.8533511161804199,1024,rloo,,,,,,,,,,False
gs_soft_tau0.5 (MC=64),gumbel_softmax,gs_soft_tau0.5,2,200,False,,-6.943000793457031,6.943000793457031,0.29732653498649597,3.49996791977901,,0.699993583955802,1.0752588073279124e+18,3.6616059923254477e+18,64,,0.5,1.0,1e-06,soft,,,,,,True
gs_soft_tau0.5 (MC=64),gumbel_softmax,gs_soft_tau0.5,2,500,False,,-1.9964089393615723,1.9964089393615723,0.09040367603302002,3.435117417946458,,1.717558708973229,1.0752588073279124e+18,3.6616059923254477e+18,64,,0.5,1.0,1e-06,soft,,,,,,True
gs_soft_tau0.5 (MC=64),gumbel_softmax,gs_soft_tau0.5,2,1000,False,,-0.7927700281143188,0.7927700281143188,0.032436780631542206,3.4124791249632835,,3.4124791249632835,1.0752588073279124e+18,3.6616059923254477e+18,64,,0.5,1.0,1e-06,soft,,,,,,True
gs_soft_tau0.5 (MC=64),gumbel_softmax,gs_soft_tau0.5,2,2000,False,,-426.003173828125,426.003173828125,2.0410332679748535,3.506952937517781,,7.013905875035562,1.0752588073279124e+18,3.6616059923254477e+18,64,,0.5,1.0,1e-06,soft,,,,,,True
gs_soft_tau0.5 (MC=64),gumbel_softmax,gs_soft_tau0.5,2,5000,False,,-35362.7265625,35362.7265625,766.7959594726562,4.153773274994455,,20.768866374972276,1.0752588073279124e+18,3.6616059923254477e+18,64,,0.5,1.0,1e-06,soft,,,,,,True
gs_soft_tau0.5 (MC=64),gumbel_softmax,gs_soft_tau0.5,2,10000,False,,-31245.705078125,31245.705078125,2082.048095703125,4.367242520896252,,43.67242520896252,1.0752588073279124e+18,3.6616059923254477e+18,64,,0.5,1.0,1e-06,soft,,,,,,True
gs_soft_tau0.5 (MC=64),gumbel_softmax,gs_soft_tau0.5,1,200,False,,-5.9280853271484375,5.9280853271484375,0.27400317788124084,3.6765156249748543,,0.7353031249949709,590881976715447.0,88849942315008.0,64,,0.5,1.0,1e-06,soft,,,,,,True
gs_soft_tau0.5 (MC=64),gumbel_softmax,gs_soft_tau0.5,1,500,False,,-1.8559777736663818,1.8559777736663818,0.10549052804708481,3.6214122499804944,,1.8107061249902472,590881976715447.0,88849942315008.0,64,,0.5,1.0,1e-06,soft,,,,,,True
gs_soft_tau0.5 (MC=64),gumbel_softmax,gs_soft_tau0.5,1,1000,False,,-0.883711576461792,0.883711576461792,0.04615718871355057,3.661689417087473,,3.661689417087473,590881976715447.0,88849942315008.0,64,,0.5,1.0,1e-06,soft,,,,,,True
gs_soft_tau0.5 (MC=64),gumbel_softmax,gs_soft_tau0.5,1,2000,True,1906.0,,,,,,,590881976715447.0,88849942315008.0,64,,0.5,1.0,1e-06,soft,,,,,,True
gs_soft_tau0.5 (MC=64),gumbel_softmax,gs_soft_tau0.5,1,5000,True,1906.0,,,,,,,590881976715447.0,88849942315008.0,64,,0.5,1.0,1e-06,soft,,,,,,True
gs_soft_tau0.5 (MC=64),gumbel_softmax,gs_soft_tau0.5,1,10000,True,1906.0,,,,,,,590881976715447.0,88849942315008.0,64,,0.5,1.0,1e-06,soft,,,,,,True
gs_soft_tau0.5 (MC=64),gumbel_softmax,gs_soft_tau0.5,4,200,False,,-5.649941444396973,5.649941444396973,0.22511805593967438,3.607219795230776,,0.7214439590461552,1.2882543796281074e+16,92155733344256.0,64,,0.5,1.0,1e-06,soft,,,,,,True
gs_soft_tau0.5 (MC=64),gumbel_softmax,gs_soft_tau0.5,4,500,False,,-1.8973588943481445,1.8973588943481445,0.09852612018585205,3.546612499980256,,1.773306249990128,1.2882543796281074e+16,92155733344256.0,64,,0.5,1.0,1e-06,soft,,,,,,True
gs_soft_tau0.5 (MC=64),gumbel_softmax,gs_soft_tau0.5,4,1000,False,,-1.073373556137085,1.073373556137085,0.03826228901743889,3.5315988750662655,,3.5315988750662655,1.2882543796281074e+16,92155733344256.0,64,,0.5,1.0,1e-06,soft,,,,,,True
gs_soft_tau0.5 (MC=64),gumbel_softmax,gs_soft_tau0.5,4,2000,True,1851.0,,,,,,,1.2882543796281074e+16,92155733344256.0,64,,0.5,1.0,1e-06,soft,,,,,,True
gs_soft_tau0.5 (MC=64),gumbel_softmax,gs_soft_tau0.5,4,5000,True,1851.0,,,,,,,1.2882543796281074e+16,92155733344256.0,64,,0.5,1.0,1e-06,soft,,,,,,True
gs_soft_tau0.5 (MC=64),gumbel_softmax,gs_soft_tau0.5,4,10000,True,1851.0,,,,,,,1.2882543796281074e+16,92155733344256.0,64,,0.5,1.0,1e-06,soft,,,,,,True
gs_soft_tau0.5 (MC=64),gumbel_softmax,gs_soft_tau0.5,3,200,False,,-4.083566665649414,4.083566665649414,0.1566135138273239,3.4430391649948433,,0.6886078329989687,9.166479684719854e+16,685227699181976.5,64,,0.5,1.0,1e-06,soft,,,,,,True
gs_soft_tau0.5 (MC=64),gumbel_softmax,gs_soft_tau0.5,3,500,False,,-1.289945363998413,1.289945363998413,0.053516387939453125,3.422347083920613,,1.7111735419603065,9.166479684719854e+16,685227699181976.5,64,,0.5,1.0,1e-06,soft,,,,,,True
gs_soft_tau0.5 (MC=64),gumbel_softmax,gs_soft_tau0.5,3,1000,False,,-0.7617433071136475,0.7617433071136475,0.02817051112651825,3.4686993330251426,,3.4686993330251426,9.166479684719854e+16,685227699181976.5,64,,0.5,1.0,1e-06,soft,,,,,,True
gs_soft_tau0.5 (MC=64),gumbel_softmax,gs_soft_tau0.5,3,2000,True,1843.0,,,,,,,9.166479684719854e+16,685227699181976.5,64,,0.5,1.0,1e-06,soft,,,,,,True
gs_soft_tau0.5 (MC=64),gumbel_softmax,gs_soft_tau0.5,3,5000,True,1843.0,,,,,,,9.166479684719854e+16,685227699181976.5,64,,0.5,1.0,1e-06,soft,,,,,,True
gs_soft_tau0.5 (MC=64),gumbel_softmax,gs_soft_tau0.5,3,10000,True,1843.0,,,,,,,9.166479684719854e+16,685227699181976.5,64,,0.5,1.0,1e-06,soft,,,,,,True
gs_soft_tau0.5 (MC=64),gumbel_softmax,gs_soft_tau0.5,5,200,False,,-3.389219045639038,3.389219045639038,0.1534784734249115,3.6090312502346933,,0.7218062500469387,2840245888864160.0,262138560826572.7,64,,0.5,1.0,1e-06,soft,,,,,,True
gs_soft_tau0.5 (MC=64),gumbel_softmax,gs_soft_tau0.5,5,500,False,,-1.179936170578003,1.179936170578003,0.05033513531088829,3.5486644180491567,,1.7743322090245783,2840245888864160.0,262138560826572.7,64,,0.5,1.0,1e-06,soft,,,,,,True
gs_soft_tau0.5 (MC=64),gumbel_softmax,gs_soft_tau0.5,5,1000,False,,-1.240425705909729,1.240425705909729,0.03343711793422699,3.5065361669985577,,3.5065361669985577,2840245888864160.0,262138560826572.7,64,,0.5,1.0,1e-06,soft,,,,,,True
gs_soft_tau0.5 (MC=64),gumbel_softmax,gs_soft_tau0.5,5,2000,True,1655.0,,,,,,,2840245888864160.0,262138560826572.7,64,,0.5,1.0,1e-06,soft,,,,,,True
gs_soft_tau0.5 (MC=64),gumbel_softmax,gs_soft_tau0.5,5,5000,True,1655.0,,,,,,,2840245888864160.0,262138560826572.7,64,,0.5,1.0,1e-06,soft,,,,,,True
gs_soft_tau0.5 (MC=64),gumbel_softmax,gs_soft_tau0.5,5,10000,True,1655.0,,,,,,,2840245888864160.0,262138560826572.7,64,,0.5,1.0,1e-06,soft,,,,,,True
gs_soft_tau0.5 (MC=1024),gumbel_softmax,gs_soft_tau0.5,2,200,False,,-4.059981822967529,4.059981822967529,0.19989390671253204,4.665861665271223,,0.9331723330542445,1.2286407135586568e+17,3.2616452030642246e+17,1024,,0.5,1.0,1e-06,soft,,,,,,True
gs_soft_tau0.5 (MC=1024),gumbel_softmax,gs_soft_tau0.5,2,500,False,,-1.1742608547210693,1.1742608547210693,0.060660481452941895,4.625693415990099,,2.3128467079950497,1.2286407135586568e+17,3.2616452030642246e+17,1024,,0.5,1.0,1e-06,soft,,,,,,True
gs_soft_tau0.5 (MC=1024),gumbel_softmax,gs_soft_tau0.5,2,1000,False,,-0.8132438063621521,0.8132438063621521,0.028309669345617294,4.576205041026697,,4.576205041026697,1.2286407135586568e+17,3.2616452030642246e+17,1024,,0.5,1.0,1e-06,soft,,,,,,True
gs_soft_tau0.5 (MC=1024),gumbel_softmax,gs_soft_tau0.5,2,2000,True,1815.0,,,,,,,1.2286407135586568e+17,3.2616452030642246e+17,1024,,0.5,1.0,1e-06,soft,,,,,,True
gs_soft_tau0.5 (MC=1024),gumbel_softmax,gs_soft_tau0.5,2,5000,True,1815.0,,,,,,,1.2286407135586568e+17,3.2616452030642246e+17,1024,,0.5,1.0,1e-06,soft,,,,,,True
gs_soft_tau0.5 (MC=1024),gumbel_softmax,gs_soft_tau0.5,2,10000,True,1815.0,,,,,,,1.2286407135586568e+17,3.2616452030642246e+17,1024,,0.5,1.0,1e-06,soft,,,,,,True
gs_soft_tau0.5 (MC=1024),gumbel_softmax,gs_soft_tau0.5,1,200,False,,-3.9067118167877197,3.9067118167877197,0.1861891895532608,4.8843262501759455,,0.9768652500351891,8.351802152872272e+16,129511928627200.0,1024,,0.5,1.0,1e-06,soft,,,,,,True
gs_soft_tau0.5 (MC=1024),gumbel_softmax,gs_soft_tau0.5,1,500,False,,-1.2410179376602173,1.2410179376602173,0.07625488191843033,5.039230666123331,,2.5196153330616653,8.351802152872272e+16,129511928627200.0,1024,,0.5,1.0,1e-06,soft,,,,,,True
gs_soft_tau0.5 (MC=1024),gumbel_softmax,gs_soft_tau0.5,1,1000,False,,-1.0343549251556396,1.0343549251556396,0.025355560705065727,4.985155708040111,,4.985155708040111,8.351802152872272e+16,129511928627200.0,1024,,0.5,1.0,1e-06,soft,,,,,,True
gs_soft_tau0.5 (MC=1024),gumbel_softmax,gs_soft_tau0.5,1,2000,True,1471.0,,,,,,,8.351802152872272e+16,129511928627200.0,1024,,0.5,1.0,1e-06,soft,,,,,,True
gs_soft_tau0.5 (MC=1024),gumbel_softmax,gs_soft_tau0.5,1,5000,True,1471.0,,,,,,,8.351802152872272e+16,129511928627200.0,1024,,0.5,1.0,1e-06,soft,,,,,,True
gs_soft_tau0.5 (MC=1024),gumbel_softmax,gs_soft_tau0.5,1,10000,True,1471.0,,,,,,,8.351802152872272e+16,129511928627200.0,1024,,0.5,1.0,1e-06,soft,,,,,,True
gs_soft_tau0.5 (MC=1024),gumbel_softmax,gs_soft_tau0.5,4,200,False,,-2.9534053802490234,2.9534053802490234,0.12276612967252731,4.715017499984242,,0.9430034999968484,1.573702931329158e+17,2.3279094173091722e+17,1024,,0.5,1.0,1e-06,soft,,,,,,True
gs_soft_tau0.5 (MC=1024),gumbel_softmax,gs_soft_tau0.5,4,500,False,,-0.9605177044868469,0.9605177044868469,0.04617277905344963,4.774480916094035,,2.3872404580470175,1.573702931329158e+17,2.3279094173091722e+17,1024,,0.5,1.0,1e-06,soft,,,,,,True
gs_soft_tau0.5 (MC=1024),gumbel_softmax,gs_soft_tau0.5,4,1000,False,,-288.26123046875,288.26123046875,1.869992971420288,4.902080832980573,,4.902080832980573,1.573702931329158e+17,2.3279094173091722e+17,1024,,0.5,1.0,1e-06,soft,,,,,,True
gs_soft_tau0.5 (MC=1024),gumbel_softmax,gs_soft_tau0.5,4,2000,True,1439.0,,,,,,,1.573702931329158e+17,2.3279094173091722e+17,1024,,0.5,1.0,1e-06,soft,,,,,,True
gs_soft_tau0.5 (MC=1024),gumbel_softmax,gs_soft_tau0.5,4,5000,True,1439.0,,,,,,,1.573702931329158e+17,2.3279094173091722e+17,1024,,0.5,1.0,1e-06,soft,,,,,,True
gs_soft_tau0.5 (MC=1024),gumbel_softmax,gs_soft_tau0.5,4,10000,True,1439.0,,,,,,,1.573702931329158e+17,2.3279094173091722e+17,1024,,0.5,1.0,1e-06,soft,,,,,,True
gs_soft_tau0.5 (MC=1024),gumbel_softmax,gs_soft_tau0.5,3,200,False,,-2.4233531951904297,2.4233531951904297,0.11347638815641403,4.771136040217243,,0.9542272080434486,2.4991984729922176e+17,2.627899233528709e+16,1024,,0.5,1.0,1e-06,soft,,,,,,True
gs_soft_tau0.5 (MC=1024),gumbel_softmax,gs_soft_tau0.5,3,500,False,,-0.7951782941818237,0.7951782941818237,0.03180525451898575,4.597843582043424,,2.298921791021712,2.4991984729922176e+17,2.627899233528709e+16,1024,,0.5,1.0,1e-06,soft,,,,,,True
gs_soft_tau0.5 (MC=1024),gumbel_softmax,gs_soft_tau0.5,3,1000,False,,-9.499879837036133,9.499879837036133,0.1017874926328659,4.745059665990993,,4.745059665990993,2.4991984729922176e+17,2.627899233528709e+16,1024,,0.5,1.0,1e-06,soft,,,,,,True
gs_soft_tau0.5 (MC=1024),gumbel_softmax,gs_soft_tau0.5,3,2000,True,1329.0,,,,,,,2.4991984729922176e+17,2.627899233528709e+16,1024,,0.5,1.0,1e-06,soft,,,,,,True
gs_soft_tau0.5 (MC=1024),gumbel_softmax,gs_soft_tau0.5,3,5000,True,1329.0,,,,,,,2.4991984729922176e+17,2.627899233528709e+16,1024,,0.5,1.0,1e-06,soft,,,,,,True
gs_soft_tau0.5 (MC=1024),gumbel_softmax,gs_soft_tau0.5,3,10000,True,1329.0,,,,,,,2.4991984729922176e+17,2.627899233528709e+16,1024,,0.5,1.0,1e-06,soft,,,,,,True
gs_soft_tau0.5 (MC=1024),gumbel_softmax,gs_soft_tau0.5,5,200,False,,-1.8254857063293457,1.8254857063293457,0.07128938287496567,4.452436670544557,,0.8904873341089115,6.214963841192224e+16,2.3204732483718394e+17,1024,,0.5,1.0,1e-06,soft,,,,,,True
gs_soft_tau0.5 (MC=1024),gumbel_softmax,gs_soft_tau0.5,5,500,False,,-0.8355968594551086,0.8355968594551086,0.03485090658068657,4.476359334075823,,2.2381796670379117,6.214963841192224e+16,2.3204732483718394e+17,1024,,0.5,1.0,1e-06,soft,,,,,,True
gs_soft_tau0.5 (MC=1024),gumbel_softmax,gs_soft_tau0.5,5,1000,False,,-214.98797607421875,214.98797607421875,1.3686151504516602,4.630417209002189,,4.630417209002189,6.214963841192224e+16,2.3204732483718394e+17,1024,,0.5,1.0,1e-06,soft,,,,,,True
gs_soft_tau0.5 (MC=1024),gumbel_softmax,gs_soft_tau0.5,5,2000,True,1327.0,,,,,,,6.214963841192224e+16,2.3204732483718394e+17,1024,,0.5,1.0,1e-06,soft,,,,,,True
gs_soft_tau0.5 (MC=1024),gumbel_softmax,gs_soft_tau0.5,5,5000,True,1327.0,,,,,,,6.214963841192224e+16,2.3204732483718394e+17,1024,,0.5,1.0,1e-06,soft,,,,,,True
gs_soft_tau0.5 (MC=1024),gumbel_softmax,gs_soft_tau0.5,5,10000,True,1327.0,,,,,,,6.214963841192224e+16,2.3204732483718394e+17,1024,,0.5,1.0,1e-06,soft,,,,,,True
st_tau0.5 (MC=64),gumbel_softmax,st_tau0.5,2,200,False,,-6.193211555480957,6.193211555480957,0.26615822315216064,3.5667777102207765,,0.7133555420441553,1.2483174378288326,3.1592726707458496,64,,0.5,1.0,1e-06,straight_through,,,,,,True
st_tau0.5 (MC=64),gumbel_softmax,st_tau0.5,2,500,False,,-1.6374638080596924,1.6374638080596924,0.0698099359869957,3.4786999160423875,,1.7393499580211937,1.2483174378288326,3.1592726707458496,64,,0.5,1.0,1e-06,straight_through,,,,,,False
st_tau0.5 (MC=64),gumbel_softmax,st_tau0.5,2,1000,False,,-0.5687482357025146,0.5687482357025146,0.02169901877641678,3.483380874968134,,3.483380874968134,1.2483174378288326,3.1592726707458496,64,,0.5,1.0,1e-06,straight_through,,,,,,False
st_tau0.5 (MC=64),gumbel_softmax,st_tau0.5,2,2000,False,,-0.22573857009410858,0.22573857009410858,0.00951357651501894,3.4386562710278668,,6.8773125420557335,1.2483174378288326,3.1592726707458496,64,,0.5,1.0,1e-06,straight_through,,,,,,False
st_tau0.5 (MC=64),gumbel_softmax,st_tau0.5,2,5000,False,,-0.10490334033966064,0.10490334033966064,0.004527396056801081,3.441133425012231,,17.205667125061154,1.2483174378288326,3.1592726707458496,64,,0.5,1.0,1e-06,straight_through,,,,,,False
st_tau0.5 (MC=64),gumbel_softmax,st_tau0.5,2,10000,False,,-0.08525232970714569,0.08525232970714569,0.004646079149097204,3.540940825000871,,35.40940825000871,1.2483174378288326,3.1592726707458496,64,,0.5,1.0,1e-06,straight_through,,,,,,False
st_tau0.5 (MC=64),gumbel_softmax,st_tau0.5,1,200,False,,-5.277851104736328,5.277851104736328,0.23920100927352905,3.580423750099726,,0.7160847500199452,1.1923768312475012,3.053110122680664,64,,0.5,1.0,1e-06,straight_through,,,,,,True
st_tau0.5 (MC=64),gumbel_softmax,st_tau0.5,1,500,False,,-1.460514783859253,1.460514783859253,0.08104725927114487,3.511546584079042,,1.755773292039521,1.1923768312475012,3.053110122680664,64,,0.5,1.0,1e-06,straight_through,,,,,,False
st_tau0.5 (MC=64),gumbel_softmax,st_tau0.5,1,1000,False,,-0.46303439140319824,0.46303439140319824,0.03181162104010582,3.56988495902624,,3.56988495902624,1.1923768312475012,3.053110122680664,64,,0.5,1.0,1e-06,straight_through,,,,,,False
st_tau0.5 (MC=64),gumbel_softmax,st_tau0.5,1,2000,False,,-0.2173413634300232,0.2173413634300232,0.008565593510866165,3.560281458485406,,7.120562916970812,1.1923768312475012,3.053110122680664,64,,0.5,1.0,1e-06,straight_through,,,,,,False
st_tau0.5 (MC=64),gumbel_softmax,st_tau0.5,1,5000,False,,-0.12563365697860718,0.12563365697860718,0.0056107123382389545,3.51710048338864,,17.5855024169432,1.1923768312475012,3.053110122680664,64,,0.5,1.0,1e-06,straight_through,,,,,,False
st_tau0.5 (MC=64),gumbel_softmax,st_tau0.5,1,10000,False,,-0.060352277010679245,0.060352277010679245,0.003178562503308058,3.5366445666993966,,35.36644566699397,1.1923768312475012,3.053110122680664,64,,0.5,1.0,1e-06,straight_through,,,,,,False
st_tau0.5 (MC=64),gumbel_softmax,st_tau0.5,4,200,False,,-5.162644386291504,5.162644386291504,0.16810891032218933,3.7504458299372345,,0.7500891659874469,1.1391070658353528,2.972723960876465,64,,0.5,1.0,1e-06,straight_through,,,,,,True
st_tau0.5 (MC=64),gumbel_softmax,st_tau0.5,4,500,False,,-1.5796921253204346,1.5796921253204346,0.06531721353530884,3.6160115820821375,,1.8080057910410687,1.1391070658353528,2.972723960876465,64,,0.5,1.0,1e-06,straight_through,,,,,,False
st_tau0.5 (MC=64),gumbel_softmax,st_tau0.5,4,1000,False,,-0.42511898279190063,0.42511898279190063,0.021749503910541534,3.5436765409540385,,3.5436765409540385,1.1391070658353528,2.972723960876465,64,,0.5,1.0,1e-06,straight_through,,,,,,False
st_tau0.5 (MC=64),gumbel_softmax,st_tau0.5,4,2000,False,,-0.21043840050697327,0.21043840050697327,0.009132413193583488,3.529929833021015,,7.05985966604203,1.1391070658353528,2.972723960876465,64,,0.5,1.0,1e-06,straight_through,,,,,,False
st_tau0.5 (MC=64),gumbel_softmax,st_tau0.5,4,5000,False,,-0.1130743995308876,0.1130743995308876,0.006185293197631836,3.5337384165963157,,17.66869208298158,1.1391070658353528,2.972723960876465,64,,0.5,1.0,1e-06,straight_through,,,,,,False
st_tau0.5 (MC=64),gumbel_softmax,st_tau0.5,4,10000,False,,-0.06319355964660645,0.06319355964660645,0.00401700846850872,3.627380424994044,,36.27380424994044,1.1391070658353528,2.972723960876465,64,,0.5,1.0,1e-06,straight_through,,,,,,False
st_tau0.5 (MC=64),gumbel_softmax,st_tau0.5,3,200,False,,-4.20192813873291,4.20192813873291,0.12729591131210327,3.68482812482398,,0.736965624964796,0.9333667571995095,2.279510259628296,64,,0.5,1.0,1e-06,straight_through,,,,,,False
st_tau0.5 (MC=64),gumbel_softmax,st_tau0.5,3,500,False,,-1.3378379344940186,1.3378379344940186,0.046600766479969025,3.532512083882466,,1.766256041941233,0.9333667571995095,2.279510259628296,64,,0.5,1.0,1e-06,straight_through,,,,,,False
st_tau0.5 (MC=64),gumbel_softmax,st_tau0.5,3,1000,False,,-0.4448099434375763,0.4448099434375763,0.015353737398982048,3.5004846669035032,,3.5004846669035032,0.9333667571995095,2.279510259628296,64,,0.5,1.0,1e-06,straight_through,,,,,,False
st_tau0.5 (MC=64),gumbel_softmax,st_tau0.5,3,2000,False,,-0.23230530321598053,0.23230530321598053,0.009074489586055279,3.5938944169902243,,7.1877888339804485,0.9333667571995095,2.279510259628296,64,,0.5,1.0,1e-06,straight_through,,,,,,False
st_tau0.5 (MC=64),gumbel_softmax,st_tau0.5,3,5000,False,,-0.07667936384677887,0.07667936384677887,0.0045361947268247604,3.6229824917856606,,18.114912458928302,0.9333667571995095,2.279510259628296,64,,0.5,1.0,1e-06,straight_through,,,,,,False
st_tau0.5 (MC=64),gumbel_softmax,st_tau0.5,3,10000,False,,-0.06365780532360077,0.06365780532360077,0.004430621862411499,3.7381510666920805,,37.3815106669208,0.9333667571995095,2.279510259628296,64,,0.5,1.0,1e-06,straight_through,,,,,,False
st_tau0.5 (MC=64),gumbel_softmax,st_tau0.5,5,200,False,,-3.2868709564208984,3.2868709564208984,0.13263994455337524,3.988833954790607,,0.7977667909581214,0.8570980725765419,1.9987902641296387,64,,0.5,1.0,1e-06,straight_through,,,,,,False
st_tau0.5 (MC=64),gumbel_softmax,st_tau0.5,5,500,False,,-0.9609127044677734,0.9609127044677734,0.03591758757829666,3.7704994999803603,,1.8852497499901801,0.8570980725765419,1.9987902641296387,64,,0.5,1.0,1e-06,straight_through,,,,,,False
st_tau0.5 (MC=64),gumbel_softmax,st_tau0.5,5,1000,False,,-0.4737646281719208,0.4737646281719208,0.02161473222076893,3.722719124983996,,3.722719124983996,0.8570980725765419,1.9987902641296387,64,,0.5,1.0,1e-06,straight_through,,,,,,False
st_tau0.5 (MC=64),gumbel_softmax,st_tau0.5,5,2000,False,,-0.21958038210868835,0.21958038210868835,0.007534276694059372,3.656797999981791,,7.313595999963582,0.8570980725765419,1.9987902641296387,64,,0.5,1.0,1e-06,straight_through,,,,,,False
st_tau0.5 (MC=64),gumbel_softmax,st_tau0.5,5,5000,False,,-0.06095430999994278,0.06095430999994278,0.0033301094081252813,3.662242775014602,,18.31121387507301,0.8570980725765419,1.9987902641296387,64,,0.5,1.0,1e-06,straight_through,,,,,,False
st_tau0.5 (MC=64),gumbel_softmax,st_tau0.5,5,10000,False,,-0.0558406226336956,0.0558406226336956,0.0036824929993599653,3.7657599583035335,,37.657599583035335,0.8570980725765419,1.9987902641296387,64,,0.5,1.0,1e-06,straight_through,,,,,,False
st_tau0.5 (MC=1024),gumbel_softmax,st_tau0.5,2,200,False,,-3.794114589691162,3.794114589691162,0.18799105286598206,4.755277290241793,,0.9510554580483586,0.5361402217444391,1.307931900024414,1024,,0.5,1.0,1e-06,straight_through,,,,,,False
st_tau0.5 (MC=1024),gumbel_softmax,st_tau0.5,2,500,False,,-1.01454758644104,1.01454758644104,0.049532730132341385,4.71531999995932,,2.35765999997966,0.5361402217444391,1.307931900024414,1024,,0.5,1.0,1e-06,straight_through,,,,,,False
st_tau0.5 (MC=1024),gumbel_softmax,st_tau0.5,2,1000,False,,-0.3903694152832031,0.3903694152832031,0.022779308259487152,4.71626587503124,,4.71626587503124,0.5361402217444391,1.307931900024414,1024,,0.5,1.0,1e-06,straight_through,,,,,,False
st_tau0.5 (MC=1024),gumbel_softmax,st_tau0.5,2,2000,False,,-0.13839417695999146,0.13839417695999146,0.0059597003273665905,4.755358166527003,,9.510716333054006,0.5361402217444391,1.307931900024414,1024,,0.5,1.0,1e-06,straight_through,,,,,,False
st_tau0.5 (MC=1024),gumbel_softmax,st_tau0.5,2,5000,False,,-0.09669602662324905,0.09669602662324905,0.004832546692341566,4.77399455839768,,23.869972791988403,0.5361402217444391,1.307931900024414,1024,,0.5,1.0,1e-06,straight_through,,,,,,False
st_tau0.5 (MC=1024),gumbel_softmax,st_tau0.5,2,10000,False,,-0.07226626574993134,0.07226626574993134,0.0037244115956127644,5.064662395801861,,50.64662395801861,0.5361402217444391,1.307931900024414,1024,,0.5,1.0,1e-06,straight_through,,,,,,False
st_tau0.5 (MC=1024),gumbel_softmax,st_tau0.5,1,200,False,,-3.6175897121429443,3.6175897121429443,0.17626002430915833,4.796487914863974,,0.9592975829727948,0.5484133206483705,1.348007321357727,1024,,0.5,1.0,1e-06,straight_through,,,,,,False
st_tau0.5 (MC=1024),gumbel_softmax,st_tau0.5,1,500,False,,-0.9200943112373352,0.9200943112373352,0.060713235288858414,4.685985749820247,,2.3429928749101236,0.5484133206483705,1.348007321357727,1024,,0.5,1.0,1e-06,straight_through,,,,,,False
st_tau0.5 (MC=1024),gumbel_softmax,st_tau0.5,1,1000,False,,-0.3139651119709015,0.3139651119709015,0.015682650730013847,4.6811175419716164,,4.6811175419716164,0.5484133206483705,1.348007321357727,1024,,0.5,1.0,1e-06,straight_through,,,,,,False
st_tau0.5 (MC=1024),gumbel_softmax,st_tau0.5,1,2000,False,,-0.13547231256961823,0.13547231256961823,0.007138622459024191,4.66068331245333,,9.32136662490666,0.5484133206483705,1.348007321357727,1024,,0.5,1.0,1e-06,straight_through,,,,,,False
st_tau0.5 (MC=1024),gumbel_softmax,st_tau0.5,1,5000,False,,-0.09934338927268982,0.09934338927268982,0.005014768801629543,4.69693634158466,,23.4846817079233,0.5484133206483705,1.348007321357727,1024,,0.5,1.0,1e-06,straight_through,,,,,,False
st_tau0.5 (MC=1024),gumbel_softmax,st_tau0.5,1,10000,False,,-0.10712715238332748,0.10712715238332748,0.0058674197643995285,4.798686570790596,,47.98686570790596,0.5484133206483705,1.348007321357727,1024,,0.5,1.0,1e-06,straight_through,,,,,,False
st_tau0.5 (MC=1024),gumbel_softmax,st_tau0.5,4,200,False,,-3.326665163040161,3.326665163040161,0.11206266283988953,5.076008960022591,,1.0152017920045182,0.4424308479426742,1.0582386255264282,1024,,0.5,1.0,1e-06,straight_through,,,,,,False
st_tau0.5 (MC=1024),gumbel_softmax,st_tau0.5,4,500,False,,-0.7513066530227661,0.7513066530227661,0.03226440027356148,5.092246918007731,,2.5461234590038657,0.4424308479426742,1.0582386255264282,1024,,0.5,1.0,1e-06,straight_through,,,,,,False
st_tau0.5 (MC=1024),gumbel_softmax,st_tau0.5,4,1000,False,,-0.27139195799827576,0.27139195799827576,0.014344104565680027,5.078220458934084,,5.078220458934084,0.4424308479426742,1.0582386255264282,1024,,0.5,1.0,1e-06,straight_through,,,,,,False
st_tau0.5 (MC=1024),gumbel_softmax,st_tau0.5,4,2000,False,,-0.1451619565486908,0.1451619565486908,0.007140855770558119,5.28091339598177,,10.56182679196354,0.4424308479426742,1.0582386255264282,1024,,0.5,1.0,1e-06,straight_through,,,,,,False
st_tau0.5 (MC=1024),gumbel_softmax,st_tau0.5,4,5000,False,,-0.12279017269611359,0.12279017269611359,0.006759540177881718,5.131647258391604,,25.65823629195802,0.4424308479426742,1.0582386255264282,1024,,0.5,1.0,1e-06,straight_through,,,,,,False
st_tau0.5 (MC=1024),gumbel_softmax,st_tau0.5,4,10000,False,,-0.09563747048377991,0.09563747048377991,0.0050259800627827644,5.1272314041969365,,51.272314041969366,0.4424308479426742,1.0582386255264282,1024,,0.5,1.0,1e-06,straight_through,,,,,,False
st_tau0.5 (MC=1024),gumbel_softmax,st_tau0.5,3,200,False,,-2.7179696559906006,2.7179696559906006,0.08815526962280273,5.186553125386126,,1.0373106250772253,0.3517067443325023,0.7723455429077148,1024,,0.5,1.0,1e-06,straight_through,,,,,,False
st_tau0.5 (MC=1024),gumbel_softmax,st_tau0.5,3,500,False,,-0.7594442963600159,0.7594442963600159,0.028950225561857224,4.905977166024968,,2.452988583012484,0.3517067443325023,0.7723455429077148,1024,,0.5,1.0,1e-06,straight_through,,,,,,False
st_tau0.5 (MC=1024),gumbel_softmax,st_tau0.5,3,1000,False,,-0.3614925146102905,0.3614925146102905,0.01366204209625721,4.856941916048527,,4.856941916048527,0.3517067443325023,0.7723455429077148,1024,,0.5,1.0,1e-06,straight_through,,,,,,False
st_tau0.5 (MC=1024),gumbel_softmax,st_tau0.5,3,2000,False,,-0.1858169585466385,0.1858169585466385,0.006873812526464462,4.885458707984071,,9.770917415968142,0.3517067443325023,0.7723455429077148,1024,,0.5,1.0,1e-06,straight_through,,,,,,False
st_tau0.5 (MC=1024),gumbel_softmax,st_tau0.5,3,5000,False,,-0.13132154941558838,0.13132154941558838,0.005222986917942762,4.817826291616075,,24.089131458080374,0.3517067443325023,0.7723455429077148,1024,,0.5,1.0,1e-06,straight_through,,,,,,False
st_tau0.5 (MC=1024),gumbel_softmax,st_tau0.5,3,10000,False,,-0.10742194205522537,0.10742194205522537,0.004884545225650072,4.794593045802321,,47.94593045802321,0.3517067443325023,0.7723455429077148,1024,,0.5,1.0,1e-06,straight_through,,,,,,False
st_tau0.5 (MC=1024),gumbel_softmax,st_tau0.5,5,200,False,,-2.14994478225708,2.14994478225708,0.07306038588285446,4.655582080013119,,0.9311164160026237,0.3082316806239106,0.6584135890007019,1024,,0.5,1.0,1e-06,straight_through,,,,,,False
st_tau0.5 (MC=1024),gumbel_softmax,st_tau0.5,5,500,False,,-0.6389989852905273,0.6389989852905273,0.024763990193605423,4.67157158209011,,2.335785791045055,0.3082316806239106,0.6584135890007019,1024,,0.5,1.0,1e-06,straight_through,,,,,,False
st_tau0.5 (MC=1024),gumbel_softmax,st_tau0.5,5,1000,False,,-0.2807271480560303,0.2807271480560303,0.00979392509907484,4.82029808301013,,4.82029808301013,0.3082316806239106,0.6584135890007019,1024,,0.5,1.0,1e-06,straight_through,,,,,,False
st_tau0.5 (MC=1024),gumbel_softmax,st_tau0.5,5,2000,False,,-0.12518495321273804,0.12518495321273804,0.004608152899891138,4.760049541539047,,9.520099083078094,0.3082316806239106,0.6584135890007019,1024,,0.5,1.0,1e-06,straight_through,,,,,,False
st_tau0.5 (MC=1024),gumbel_softmax,st_tau0.5,5,5000,False,,-0.05349985510110855,0.05349985510110855,0.0031442579347640276,4.688613949995488,,23.44306974997744,0.3082316806239106,0.6584135890007019,1024,,0.5,1.0,1e-06,straight_through,,,,,,False
st_tau0.5 (MC=1024),gumbel_softmax,st_tau0.5,5,10000,False,,-0.05921722203493118,0.05921722203493118,0.003845721483230591,4.691743041598238,,46.91743041598238,0.3082316806239106,0.6584135890007019,1024,,0.5,1.0,1e-06,straight_through,,,,,,False
ode_linear_midpoint4 (MC=64),ode_transport,ode_linear_midpoint4,2,200,False,,-4.050352573394775,4.050352573394775,0.17990905046463013,8.182396040065214,8.0,1.6364792080130428,1.1516474891174986,2.647446393966675,64,,,,,,4.0,linear,midpoint,,,False
ode_linear_midpoint4 (MC=64),ode_transport,ode_linear_midpoint4,2,500,False,,-1.1910649538040161,1.1910649538040161,0.06393496692180634,8.042475081980228,8.0,4.021237540990114,1.1516474891174986,2.647446393966675,64,,,,,,4.0,linear,midpoint,,,False
ode_linear_midpoint4 (MC=64),ode_transport,ode_linear_midpoint4,2,1000,False,,-0.46895259618759155,0.46895259618759155,0.03209584578871727,8.050285249948502,8.0,8.050285249948502,1.1516474891174986,2.647446393966675,64,,,,,,4.0,linear,midpoint,,,False
ode_linear_midpoint4 (MC=64),ode_transport,ode_linear_midpoint4,2,2000,False,,-0.164199098944664,0.164199098944664,0.008486359380185604,8.039073603984434,8.0,16.07814720796887,1.1516474891174986,2.647446393966675,64,,,,,,4.0,linear,midpoint,,,False
ode_linear_midpoint4 (MC=64),ode_transport,ode_linear_midpoint4,2,5000,False,,-0.0974547266960144,0.0974547266960144,0.005385194439440966,8.053549425001256,8.0,40.26774712500628,1.1516474891174986,2.647446393966675,64,,,,,,4.0,linear,midpoint,,,False
ode_linear_midpoint4 (MC=64),ode_transport,ode_linear_midpoint4,2,10000,False,,-0.07493247836828232,0.07493247836828232,0.003533556591719389,8.484280087496154,8.0,84.84280087496154,1.1516474891174986,2.647446393966675,64,,,,,,4.0,linear,midpoint,,,False
ode_linear_midpoint4 (MC=64),ode_transport,ode_linear_midpoint4,1,200,False,,-4.098511695861816,4.098511695861816,0.20923066139221191,8.197354794829153,8.0,1.6394709589658305,1.105634365823433,2.4546172618865967,64,,,,,,4.0,linear,midpoint,,,False
ode_linear_midpoint4 (MC=64),ode_transport,ode_linear_midpoint4,1,500,False,,-1.1503949165344238,1.1503949165344238,0.0738995373249054,7.933400417910889,8.0,3.9667002089554444,1.105634365823433,2.4546172618865967,64,,,,,,4.0,linear,midpoint,,,False
ode_linear_midpoint4 (MC=64),ode_transport,ode_linear_midpoint4,1,1000,False,,-0.48379021883010864,0.48379021883010864,0.03224213048815727,7.835022500017658,8.0,7.835022500017658,1.105634365823433,2.4546172618865967,64,,,,,,4.0,linear,midpoint,,,False
ode_linear_midpoint4 (MC=64),ode_transport,ode_linear_midpoint4,1,2000,False,,-0.20035049319267273,0.20035049319267273,0.011133731342852116,7.976534083485603,8.0,15.953068166971207,1.105634365823433,2.4546172618865967,64,,,,,,4.0,linear,midpoint,,,False
ode_linear_midpoint4 (MC=64),ode_transport,ode_linear_midpoint4,1,5000,False,,-0.08667454123497009,0.08667454123497009,0.003918844275176525,8.06972639998421,8.0,40.348631999921054,1.105634365823433,2.4546172618865967,64,,,,,,4.0,linear,midpoint,,,False
ode_linear_midpoint4 (MC=64),ode_transport,ode_linear_midpoint4,1,10000,False,,-0.06337770819664001,0.06337770819664001,0.0028204445261508226,8.320918833394535,8.0,83.20918833394535,1.105634365823433,2.4546172618865967,64,,,,,,4.0,linear,midpoint,,,False
ode_linear_midpoint4 (MC=64),ode_transport,ode_linear_midpoint4,4,200,False,,-3.5358006954193115,3.5358006954193115,0.128601536154747,8.219259585021064,8.0,1.6438519170042127,1.0994929129535491,2.432661294937134,64,,,,,,4.0,linear,midpoint,,,False
ode_linear_midpoint4 (MC=64),ode_transport,ode_linear_midpoint4,4,500,False,,-0.8797767162322998,0.8797767162322998,0.03981742262840271,8.10390558396466,8.0,4.05195279198233,1.0994929129535491,2.432661294937134,64,,,,,,4.0,linear,midpoint,,,False
ode_linear_midpoint4 (MC=64),ode_transport,ode_linear_midpoint4,4,1000,False,,-0.3809821605682373,0.3809821605682373,0.02582050859928131,8.040871833916754,8.0,8.040871833916754,1.0994929129535491,2.432661294937134,64,,,,,,4.0,linear,midpoint,,,False
ode_linear_midpoint4 (MC=64),ode_transport,ode_linear_midpoint4,4,2000,False,,-0.20149916410446167,0.20149916410446167,0.008348017930984497,8.020342791976873,8.0,16.040685583953746,1.0994929129535491,2.432661294937134,64,,,,,,4.0,linear,midpoint,,,False
ode_linear_midpoint4 (MC=64),ode_transport,ode_linear_midpoint4,4,5000,False,,-0.16452467441558838,0.16452467441558838,0.00549127534031868,8.57571249178145,8.0,42.878562458907254,1.0994929129535491,2.432661294937134,64,,,,,,4.0,linear,midpoint,,,False
ode_linear_midpoint4 (MC=64),ode_transport,ode_linear_midpoint4,4,10000,False,,-0.10997989028692245,0.10997989028692245,0.004986997693777084,8.510008179198485,8.0,85.10008179198485,1.0994929129535491,2.432661294937134,64,,,,,,4.0,linear,midpoint,,,False
ode_linear_midpoint4 (MC=64),ode_transport,ode_linear_midpoint4,3,200,False,,-2.843294143676758,2.843294143676758,0.12400118261575699,7.837146875099279,8.0,1.5674293750198558,0.9928117202777956,2.1709320545196533,64,,,,,,4.0,linear,midpoint,,,False
ode_linear_midpoint4 (MC=64),ode_transport,ode_linear_midpoint4,3,500,False,,-0.8491239547729492,0.8491239547729492,0.0372057743370533,7.818788249976933,8.0,3.9093941249884665,0.9928117202777956,2.1709320545196533,64,,,,,,4.0,linear,midpoint,,,False
ode_linear_midpoint4 (MC=64),ode_transport,ode_linear_midpoint4,3,1000,False,,-0.46111416816711426,0.46111416816711426,0.02204049378633499,7.747145959059708,8.0,7.747145959059708,0.9928117202777956,2.1709320545196533,64,,,,,,4.0,linear,midpoint,,,False
ode_linear_midpoint4 (MC=64),ode_transport,ode_linear_midpoint4,3,2000,False,,-0.21944791078567505,0.21944791078567505,0.00702847121283412,7.769557250023354,8.0,15.539114500046708,0.9928117202777956,2.1709320545196533,64,,,,,,4.0,linear,midpoint,,,False
ode_linear_midpoint4 (MC=64),ode_transport,ode_linear_midpoint4,3,5000,False,,-0.18859758973121643,0.18859758973121643,0.005791119299829006,7.777272549993358,8.0,38.88636274996679,0.9928117202777956,2.1709320545196533,64,,,,,,4.0,linear,midpoint,,,False
ode_linear_midpoint4 (MC=64),ode_transport,ode_linear_midpoint4,3,10000,False,,-0.16841527819633484,0.16841527819633484,0.005330870393663645,7.905875495902729,8.0,79.05875495902728,0.9928117202777956,2.1709320545196533,64,,,,,,4.0,linear,midpoint,,,False
ode_linear_midpoint4 (MC=64),ode_transport,ode_linear_midpoint4,5,200,False,,-2.0483720302581787,2.0483720302581787,0.08119357377290726,7.80535728961695,8.0,1.56107145792339,0.8812507550894123,1.6853444576263428,64,,,,,,4.0,linear,midpoint,,,False
ode_linear_midpoint4 (MC=64),ode_transport,ode_linear_midpoint4,5,500,False,,-0.6697396039962769,0.6697396039962769,0.027701370418071747,7.77967683179304,8.0,3.88983841589652,0.8812507550894123,1.6853444576263428,64,,,,,,4.0,linear,midpoint,,,False
ode_linear_midpoint4 (MC=64),ode_transport,ode_linear_midpoint4,5,1000,False,,-0.4424920380115509,0.4424920380115509,0.012623080052435398,7.8043057499453425,8.0,7.8043057499453425,0.8812507550894123,1.6853444576263428,64,,,,,,4.0,linear,midpoint,,,False
ode_linear_midpoint4 (MC=64),ode_transport,ode_linear_midpoint4,5,2000,False,,-0.23141765594482422,0.23141765594482422,0.009248453192412853,7.770022145472467,8.0,15.540044290944934,0.8812507550894123,1.6853444576263428,64,,,,,,4.0,linear,midpoint,,,False
ode_linear_midpoint4 (MC=64),ode_transport,ode_linear_midpoint4,5,5000,False,,-0.19359581172466278,0.19359581172466278,0.006152008194476366,7.796253741579131,8.0,38.98126870789565,0.8812507550894123,1.6853444576263428,64,,,,,,4.0,linear,midpoint,,,False
ode_linear_midpoint4 (MC=64),ode_transport,ode_linear_midpoint4,5,10000,False,,-0.13683849573135376,0.13683849573135376,0.004449889063835144,7.962850308290217,8.0,79.62850308290217,0.8812507550894123,1.6853444576263428,64,,,,,,4.0,linear,midpoint,,,False
ode_linear_midpoint4 (MC=1024),ode_transport,ode_linear_midpoint4,2,200,False,,-3.2711384296417236,3.2711384296417236,0.14596794545650482,20.72795687476173,8.0,4.145591374952346,0.6713019802975674,1.6409229040145874,1024,,,,,,4.0,linear,midpoint,,,False
ode_linear_midpoint4 (MC=1024),ode_transport,ode_linear_midpoint4,2,500,False,,-0.9831436276435852,0.9831436276435852,0.05337034910917282,18.3680666659493,8.0,9.18403333297465,0.6713019802975674,1.6409229040145874,1024,,,,,,4.0,linear,midpoint,,,False
ode_linear_midpoint4 (MC=1024),ode_transport,ode_linear_midpoint4,2,1000,False,,-0.38449811935424805,0.38449811935424805,0.022472873330116272,17.472002833033912,8.0,17.472002833033912,0.6713019802975674,1.6409229040145874,1024,,,,,,4.0,linear,midpoint,,,False
ode_linear_midpoint4 (MC=1024),ode_transport,ode_linear_midpoint4,2,2000,False,,-0.13566184043884277,0.13566184043884277,0.005587180610746145,17.053255875012837,8.0,34.106511750025675,0.6713019802975674,1.6409229040145874,1024,,,,,,4.0,linear,midpoint,,,False
ode_linear_midpoint4 (MC=1024),ode_transport,ode_linear_midpoint4,2,5000,False,,-0.08561883121728897,0.08561883121728897,0.0042839194647967815,16.646679208404386,8.0,83.23339604202192,0.6713019802975674,1.6409229040145874,1024,,,,,,4.0,linear,midpoint,,,False
ode_linear_midpoint4 (MC=1024),ode_transport,ode_linear_midpoint4,2,10000,False,,-0.07297620177268982,0.07297620177268982,0.003320327028632164,16.386583424999845,8.0,163.86583424999844,0.6713019802975674,1.6409229040145874,1024,,,,,,4.0,linear,midpoint,,,False
ode_linear_midpoint4 (MC=1024),ode_transport,ode_linear_midpoint4,1,200,False,,-3.3162944316864014,3.3162944316864014,0.1632465273141861,17.93135229498148,8.0,3.586270458996296,0.6357050325258495,1.6490195989608765,1024,,,,,,4.0,linear,midpoint,,,False
ode_linear_midpoint4 (MC=1024),ode_transport,ode_linear_midpoint4,1,500,False,,-0.8201160430908203,0.8201160430908203,0.04944518208503723,17.85878616804257,8.0,8.929393084021285,0.6357050325258495,1.6490195989608765,1024,,,,,,4.0,linear,midpoint,,,False
ode_linear_midpoint4 (MC=1024),ode_transport,ode_linear_midpoint4,1,1000,False,,-0.39029404520988464,0.39029404520988464,0.021183719858527184,17.845606709015556,8.0,17.845606709015556,0.6357050325258495,1.6490195989608765,1024,,,,,,4.0,linear,midpoint,,,False
ode_linear_midpoint4 (MC=1024),ode_transport,ode_linear_midpoint4,1,2000,False,,-0.14514127373695374,0.14514127373695374,0.007795821875333786,17.7340078750276,8.0,35.4680157500552,0.6357050325258495,1.6490195989608765,1024,,,,,,4.0,linear,midpoint,,,False
ode_linear_midpoint4 (MC=1024),ode_transport,ode_linear_midpoint4,1,5000,False,,-0.06459927558898926,0.06459927558898926,0.0037192865274846554,18.69910488340538,8.0,93.4955244170269,0.6357050325258495,1.6490195989608765,1024,,,,,,4.0,linear,midpoint,,,False
ode_linear_midpoint4 (MC=1024),ode_transport,ode_linear_midpoint4,1,10000,False,,-0.05601675435900688,0.05601675435900688,0.0028108577243983746,18.27441974170506,8.0,182.7441974170506,0.6357050325258495,1.6490195989608765,1024,,,,,,4.0,linear,midpoint,,,False
ode_linear_midpoint4 (MC=1024),ode_transport,ode_linear_midpoint4,4,200,False,,-2.8722338676452637,2.8722338676452637,0.1263168752193451,17.700931039871648,8.0,3.5401862079743296,0.569927522174529,1.4838348627090454,1024,,,,,,4.0,linear,midpoint,,,False
ode_linear_midpoint4 (MC=1024),ode_transport,ode_linear_midpoint4,4,500,False,,-0.6486366987228394,0.6486366987228394,0.03672580048441887,17.41976183396764,8.0,8.70988091698382,0.569927522174529,1.4838348627090454,1024,,,,,,4.0,linear,midpoint,,,False
ode_linear_midpoint4 (MC=1024),ode_transport,ode_linear_midpoint4,4,1000,False,,-0.2779102623462677,0.2779102623462677,0.01413764152675867,17.23851954191923,8.0,17.23851954191923,0.569927522174529,1.4838348627090454,1024,,,,,,4.0,linear,midpoint,,,False
ode_linear_midpoint4 (MC=1024),ode_transport,ode_linear_midpoint4,4,2000,False,,-0.19754406809806824,0.19754406809806824,0.006311521399766207,16.832087916496675,8.0,33.66417583299335,0.569927522174529,1.4838348627090454,1024,,,,,,4.0,linear,midpoint,,,False
ode_linear_midpoint4 (MC=1024),ode_transport,ode_linear_midpoint4,4,5000,False,,-0.07355983555316925,0.07355983555316925,0.00442105159163475,16.42846556659788,8.0,82.1423278329894,0.569927522174529,1.4838348627090454,1024,,,,,,4.0,linear,midpoint,,,False
ode_linear_midpoint4 (MC=1024),ode_transport,ode_linear_midpoint4,4,10000,False,,-0.040328122675418854,0.040328122675418854,0.0030289748683571815,16.566497804189567,8.0,165.66497804189567,0.569927522174529,1.4838348627090454,1024,,,,,,4.0,linear,midpoint,,,False
ode_linear_midpoint4 (MC=1024),ode_transport,ode_linear_midpoint4,3,200,False,,-2.315830945968628,2.315830945968628,0.09250479936599731,15.931919169961475,8.0,3.186383833992295,0.46727600073764625,1.0849547386169434,1024,,,,,,4.0,linear,midpoint,,,False
ode_linear_midpoint4 (MC=1024),ode_transport,ode_linear_midpoint4,3,500,False,,-0.650139570236206,0.650139570236206,0.020988332107663155,16.093031084164977,8.0,8.046515542082489,0.46727600073764625,1.0849547386169434,1024,,,,,,4.0,linear,midpoint,,,False
ode_linear_midpoint4 (MC=1024),ode_transport,ode_linear_midpoint4,3,1000,False,,-0.35412919521331787,0.35412919521331787,0.014596016146242619,16.103494375012815,8.0,16.103494375012815,0.46727600073764625,1.0849547386169434,1024,,,,,,4.0,linear,midpoint,,,False
ode_linear_midpoint4 (MC=1024),ode_transport,ode_linear_midpoint4,3,2000,False,,-0.21045172214508057,0.21045172214508057,0.007796884514391422,17.25672600005055,8.0,34.5134520001011,0.46727600073764625,1.0849547386169434,1024,,,,,,4.0,linear,midpoint,,,False
ode_linear_midpoint4 (MC=1024),ode_transport,ode_linear_midpoint4,3,5000,False,,-0.08610959351062775,0.08610959351062775,0.0040106382220983505,17.089618483418597,8.0,85.448092417093,0.46727600073764625,1.0849547386169434,1024,,,,,,4.0,linear,midpoint,,,False
ode_linear_midpoint4 (MC=1024),ode_transport,ode_linear_midpoint4,3,10000,False,,-0.04969065263867378,0.04969065263867378,0.003141882596537471,17.780073170899414,8.0,177.80073170899414,0.46727600073764625,1.0849547386169434,1024,,,,,,4.0,linear,midpoint,,,False
ode_linear_midpoint4 (MC=1024),ode_transport,ode_linear_midpoint4,5,200,False,,-1.43080472946167,1.43080472946167,0.054459478706121445,15.134613334666938,8.0,3.0269226669333875,0.4132486829267283,0.9440332055091858,1024,,,,,,4.0,linear,midpoint,,,False
ode_linear_midpoint4 (MC=1024),ode_transport,ode_linear_midpoint4,5,500,False,,-0.5863559246063232,0.5863559246063232,0.023978501558303833,14.976903168018907,8.0,7.488451584009454,0.4132486829267283,0.9440332055091858,1024,,,,,,4.0,linear,midpoint,,,False
ode_linear_midpoint4 (MC=1024),ode_transport,ode_linear_midpoint4,5,1000,False,,-0.49441665410995483,0.49441665410995483,0.01300030667334795,14.878421166911721,8.0,14.878421166911721,0.4132486829267283,0.9440332055091858,1024,,,,,,4.0,linear,midpoint,,,False
ode_linear_midpoint4 (MC=1024),ode_transport,ode_linear_midpoint4,5,2000,False,,-0.192030668258667,0.192030668258667,0.008060966618359089,15.964105812483467,8.0,31.928211624966934,0.4132486829267283,0.9440332055091858,1024,,,,,,4.0,linear,midpoint,,,False
ode_linear_midpoint4 (MC=1024),ode_transport,ode_linear_midpoint4,5,5000,False,,-0.0846465528011322,0.0846465528011322,0.004203607328236103,15.71392205839511,8.0,78.56961029197555,0.4132486829267283,0.9440332055091858,1024,,,,,,4.0,linear,midpoint,,,False
ode_linear_midpoint4 (MC=1024),ode_transport,ode_linear_midpoint4,5,10000,False,,-0.05208277702331543,0.05208277702331543,0.0027820945251733065,16.100819370895625,8.0,161.00819370895624,0.4132486829267283,0.9440332055091858,1024,,,,,,4.0,linear,midpoint,,,False
exact_marg (MC=64),marginal_estimator,exact_marg,2,200,False,,-3.820460081100464,3.820460081100464,0.17529956996440887,10.36323854001239,,2.072647708002478,0.7486719422920706,1.5449579954147339,64,,,,,,,,,,,False
exact_marg (MC=64),marginal_estimator,exact_marg,2,500,False,,-1.0338878631591797,1.0338878631591797,0.05102343484759331,10.374575834022835,,5.1872879170114174,0.7486719422920706,1.5449579954147339,64,,,,,,,,,,,False
exact_marg (MC=64),marginal_estimator,exact_marg,2,1000,False,,-0.49744468927383423,0.49744468927383423,0.030029796063899994,10.408198916935362,,10.408198916935362,0.7486719422920706,1.5449579954147339,64,,,,,,,,,,,False
exact_marg (MC=64),marginal_estimator,exact_marg,2,2000,False,,-0.17261964082717896,0.17261964082717896,0.011157404631376266,10.52723349997541,,21.05446699995082,0.7486719422920706,1.5449579954147339,64,,,,,,,,,,,False
exact_marg (MC=64),marginal_estimator,exact_marg,2,5000,False,,-0.08025984466075897,0.08025984466075897,0.004253163002431393,10.856116349995137,,54.28058174997568,0.7486719422920706,1.5449579954147339,64,,,,,,,,,,,False
exact_marg (MC=64),marginal_estimator,exact_marg,2,10000,False,,-0.047032490372657776,0.047032490372657776,0.003928422927856445,11.488149337493814,,114.88149337493815,0.7486719422920706,1.5449579954147339,64,,,,,,,,,,,False
exact_marg (MC=64),marginal_estimator,exact_marg,1,200,False,,-3.5066823959350586,3.5066823959350586,0.1621081829071045,11.392994165071286,,2.2785988330142573,0.6999936074989936,1.509962558746338,64,,,,,,,,,,,False
exact_marg (MC=64),marginal_estimator,exact_marg,1,500,False,,-0.9001110196113586,0.9001110196113586,0.05516728758811951,10.981734081869945,,5.4908670409349725,0.6999936074989936,1.509962558746338,64,,,,,,,,,,,False
exact_marg (MC=64),marginal_estimator,exact_marg,1,1000,False,,-0.36534202098846436,0.36534202098846436,0.015750575810670853,10.691154915955849,,10.691154915955849,0.6999936074989936,1.509962558746338,64,,,,,,,,,,,False
exact_marg (MC=64),marginal_estimator,exact_marg,1,2000,False,,-0.162684828042984,0.162684828042984,0.008115582168102264,10.667545603995677,,21.335091207991354,0.6999936074989936,1.509962558746338,64,,,,,,,,,,,False
exact_marg (MC=64),marginal_estimator,exact_marg,1,5000,False,,-0.05824747681617737,0.05824747681617737,0.0028335240203887224,10.702028166595847,,53.51014083297923,0.6999936074989936,1.509962558746338,64,,,,,,,,,,,False
exact_marg (MC=64),marginal_estimator,exact_marg,1,10000,False,,-0.04238790273666382,0.04238790273666382,0.0029896756168454885,11.195845008292235,,111.95845008292235,0.6999936074989936,1.509962558746338,64,,,,,,,,,,,False
exact_marg (MC=64),marginal_estimator,exact_marg,4,200,False,,-3.375861406326294,3.375861406326294,0.11830385774374008,11.434291040059179,,2.286858208011836,0.6253236663291162,1.3522999286651611,64,,,,,,,,,,,False
exact_marg (MC=64),marginal_estimator,exact_marg,4,500,False,,-0.8026216626167297,0.8026216626167297,0.04140269011259079,11.137828832026571,,5.5689144160132855,0.6253236663291162,1.3522999286651611,64,,,,,,,,,,,False
exact_marg (MC=64),marginal_estimator,exact_marg,4,1000,False,,-0.352052241563797,0.352052241563797,0.015282342210412025,11.179250499932095,,11.179250499932095,0.6253236663291162,1.3522999286651611,64,,,,,,,,,,,False
exact_marg (MC=64),marginal_estimator,exact_marg,4,2000,False,,-0.18676461279392242,0.18676461279392242,0.010871605016291142,11.050419770472217,,22.100839540944435,0.6253236663291162,1.3522999286651611,64,,,,,,,,,,,False
exact_marg (MC=64),marginal_estimator,exact_marg,4,5000,False,,-0.04358002170920372,0.04358002170920372,0.003007779363542795,11.5517652166076,,57.758826083038,0.6253236663291162,1.3522999286651611,64,,,,,,,,,,,False
exact_marg (MC=64),marginal_estimator,exact_marg,4,10000,False,,-0.03783909231424332,0.03783909231424332,0.002467032056301832,11.380228170799091,,113.80228170799091,0.6253236663291162,1.3522999286651611,64,,,,,,,,,,,False
exact_marg (MC=64),marginal_estimator,exact_marg,3,200,False,,-2.702467679977417,2.702467679977417,0.0925310030579567,10.367087919730693,,2.0734175839461386,0.547958798460687,1.075461745262146,64,,,,,,,,,,,False
exact_marg (MC=64),marginal_estimator,exact_marg,3,500,False,,-0.7491679191589355,0.7491679191589355,0.02786610834300518,10.45656850002706,,5.22828425001353,0.547958798460687,1.075461745262146,64,,,,,,,,,,,False
exact_marg (MC=64),marginal_estimator,exact_marg,3,1000,False,,-0.43447941541671753,0.43447941541671753,0.014348998665809631,10.412513041985221,,10.412513041985221,0.547958798460687,1.075461745262146,64,,,,,,,,,,,False
exact_marg (MC=64),marginal_estimator,exact_marg,3,2000,False,,-0.16729262471199036,0.16729262471199036,0.008712196722626686,10.381773562461603,,20.763547124923207,0.547958798460687,1.075461745262146,64,,,,,,,,,,,False
exact_marg (MC=64),marginal_estimator,exact_marg,3,5000,False,,-0.04946599900722504,0.04946599900722504,0.0027973519172519445,10.453809425001964,,52.26904712500982,0.547958798460687,1.075461745262146,64,,,,,,,,,,,False
exact_marg (MC=64),marginal_estimator,exact_marg,3,10000,False,,-0.03959466516971588,0.03959466516971588,0.0026506504509598017,10.821544812491629,,108.21544812491629,0.547958798460687,1.075461745262146,64,,,,,,,,,,,False
exact_marg (MC=64),marginal_estimator,exact_marg,5,200,False,,-2.0278468132019043,2.0278468132019043,0.07014022767543793,10.528437499888241,,2.1056874999776483,0.48205062870594423,0.9401141405105591,64,,,,,,,,,,,False
exact_marg (MC=64),marginal_estimator,exact_marg,5,500,False,,-0.5983765125274658,0.5983765125274658,0.02449682168662548,10.4843484160956,,5.2421742080478,0.48205062870594423,0.9401141405105591,64,,,,,,,,,,,False
exact_marg (MC=64),marginal_estimator,exact_marg,5,1000,False,,-0.3834398686885834,0.3834398686885834,0.012247349135577679,10.6138389169937,,10.6138389169937,0.48205062870594423,0.9401141405105591,64,,,,,,,,,,,False
exact_marg (MC=64),marginal_estimator,exact_marg,5,2000,False,,-0.13454732298851013,0.13454732298851013,0.005962457973510027,10.522845500032417,,21.045691000064835,0.48205062870594423,0.9401141405105591,64,,,,,,,,,,,False
exact_marg (MC=64),marginal_estimator,exact_marg,5,5000,False,,-0.04198314622044563,0.04198314622044563,0.0022383725736290216,10.616124100005255,,53.08062050002627,0.48205062870594423,0.9401141405105591,64,,,,,,,,,,,False
exact_marg (MC=64),marginal_estimator,exact_marg,5,10000,False,,-0.03647793084383011,0.03647793084383011,0.0026806460227817297,10.843645704200025,,108.43645704200026,0.48205062870594423,0.9401141405105591,64,,,,,,,,,,,False
exact_marg (MC=256),marginal_estimator,exact_marg,2,200,False,,-3.6280293464660645,3.6280293464660645,0.16164164245128632,10.53153396002017,,2.106306792004034,0.5801126102637248,1.3489618301391602,256,,,,,,,,,,,False
exact_marg (MC=256),marginal_estimator,exact_marg,2,500,False,,-0.9335461854934692,0.9335461854934692,0.04547683149576187,10.492168165976182,,5.246084082988091,0.5801126102637248,1.3489618301391602,256,,,,,,,,,,,False
exact_marg (MC=256),marginal_estimator,exact_marg,2,1000,False,,-0.38979482650756836,0.38979482650756836,0.02259802632033825,10.555400167009793,,10.555400167009793,0.5801126102637248,1.3489618301391602,256,,,,,,,,,,,False
exact_marg (MC=256),marginal_estimator,exact_marg,2,2000,False,,-0.14188599586486816,0.14188599586486816,0.007037349510937929,10.441840541549027,,20.883681083098054,0.5801126102637248,1.3489618301391602,256,,,,,,,,,,,False
exact_marg (MC=256),marginal_estimator,exact_marg,2,5000,False,,-0.08504787087440491,0.08504787087440491,0.004107238259166479,10.625304241618142,,53.12652120809071,0.5801126102637248,1.3489618301391602,256,,,,,,,,,,,False
exact_marg (MC=256),marginal_estimator,exact_marg,2,10000,False,,-0.04078724980354309,0.04078724980354309,0.0025672828778624535,10.808471354201902,,108.08471354201902,0.5801126102637248,1.3489618301391602,256,,,,,,,,,,,False
exact_marg (MC=256),marginal_estimator,exact_marg,1,200,False,,-3.216421127319336,3.216421127319336,0.16285057365894318,10.839636664604768,,2.1679273329209536,0.567695683491354,1.315605640411377,256,,,,,,,,,,,False
exact_marg (MC=256),marginal_estimator,exact_marg,1,500,False,,-0.7568061351776123,0.7568061351776123,0.038767967373132706,11.189632665831596,,5.594816332915798,0.567695683491354,1.315605640411377,256,,,,,,,,,,,False
exact_marg (MC=256),marginal_estimator,exact_marg,1,1000,False,,-0.38574421405792236,0.38574421405792236,0.023629343137145042,11.274901499971747,,11.274901499971747,0.567695683491354,1.315605640411377,256,,,,,,,,,,,False
exact_marg (MC=256),marginal_estimator,exact_marg,1,2000,False,,-0.14965957403182983,0.14965957403182983,0.007757558953016996,11.477648999949452,,22.955297999898903,0.567695683491354,1.315605640411377,256,,,,,,,,,,,False
exact_marg (MC=256),marginal_estimator,exact_marg,1,5000,False,,-0.08052484691143036,0.08052484691143036,0.004277218133211136,11.802073300001211,,59.01036650000606,0.567695683491354,1.315605640411377,256,,,,,,,,,,,False
exact_marg (MC=256),marginal_estimator,exact_marg,1,10000,False,,-0.044020384550094604,0.044020384550094604,0.003118480322882533,11.4984334415989,,114.984334415989,0.567695683491354,1.315605640411377,256,,,,,,,,,,,False
exact_marg (MC=256),marginal_estimator,exact_marg,4,200,False,,-3.1182284355163574,3.1182284355163574,0.12631773948669434,10.485440209740773,,2.0970880419481546,0.4615268430625745,1.0163174867630005,256,,,,,,,,,,,False
exact_marg (MC=256),marginal_estimator,exact_marg,4,500,False,,-0.6919740438461304,0.6919740438461304,0.038013190031051636,10.572338917991146,,5.286169458995573,0.4615268430625745,1.0163174867630005,256,,,,,,,,,,,False
exact_marg (MC=256),marginal_estimator,exact_marg,4,1000,False,,-0.29635414481163025,0.29635414481163025,0.02056417055428028,10.542398666962981,,10.542398666962981,0.4615268430625745,1.0163174867630005,256,,,,,,,,,,,False
exact_marg (MC=256),marginal_estimator,exact_marg,4,2000,False,,-0.20104074478149414,0.20104074478149414,0.007646182086318731,10.459949875017628,,20.919899750035256,0.4615268430625745,1.0163174867630005,256,,,,,,,,,,,False
exact_marg (MC=256),marginal_estimator,exact_marg,4,5000,False,,-0.04310892894864082,0.04310892894864082,0.0037215680349618196,10.437015416799113,,52.185077083995566,0.4615268430625745,1.0163174867630005,256,,,,,,,,,,,False
exact_marg (MC=256),marginal_estimator,exact_marg,4,10000,False,,-0.03596028685569763,0.03596028685569763,0.002786969067528844,10.645127404201776,,106.45127404201776,0.4615268430625745,1.0163174867630005,256,,,,,,,,,,,False
exact_marg (MC=256),marginal_estimator,exact_marg,3,200,False,,-2.2494418621063232,2.2494418621063232,0.07416046410799026,10.499403749709018,,2.0998807499418035,0.3940260055137925,0.7531473636627197,256,,,,,,,,,,,False
exact_marg (MC=256),marginal_estimator,exact_marg,3,500,False,,-0.6703284978866577,0.6703284978866577,0.02863970585167408,10.460798665881157,,5.2303993329405785,0.3940260055137925,0.7531473636627197,256,,,,,,,,,,,False
exact_marg (MC=256),marginal_estimator,exact_marg,3,1000,False,,-0.3374975323677063,0.3374975323677063,0.012846669182181358,10.510151708032936,,10.510151708032936,0.3940260055137925,0.7531473636627197,256,,,,,,,,,,,False
exact_marg (MC=256),marginal_estimator,exact_marg,3,2000,False,,-0.2031680941581726,0.2031680941581726,0.007109494414180517,10.612985396001022,,21.225970792002045,0.3940260055137925,0.7531473636627197,256,,,,,,,,,,,False
exact_marg (MC=256),marginal_estimator,exact_marg,3,5000,False,,-0.06781003624200821,0.06781003624200821,0.0037121730856597424,10.900078366603703,,54.50039183301851,0.3940260055137925,0.7531473636627197,256,,,,,,,,,,,False
exact_marg (MC=256),marginal_estimator,exact_marg,3,10000,False,,-0.04142288863658905,0.04142288863658905,0.0027366220019757748,11.60818769580219,,116.0818769580219,0.3940260055137925,0.7531473636627197,256,,,,,,,,,,,False
exact_marg (MC=256),marginal_estimator,exact_marg,5,200,False,,-1.6577222347259521,1.6577222347259521,0.0637747198343277,12.263909580069594,,2.452781916013919,0.3364689541674622,0.6162509322166443,256,,,,,,,,,,,False
exact_marg (MC=256),marginal_estimator,exact_marg,5,500,False,,-0.5634318590164185,0.5634318590164185,0.023352406919002533,12.170072332024574,,6.085036166012287,0.3364689541674622,0.6162509322166443,256,,,,,,,,,,,False
exact_marg (MC=256),marginal_estimator,exact_marg,5,1000,False,,-0.4511905908584595,0.4511905908584595,0.012778700329363346,11.387002125033177,,11.387002125033177,0.3364689541674622,0.6162509322166443,256,,,,,,,,,,,False
exact_marg (MC=256),marginal_estimator,exact_marg,5,2000,False,,-0.16561740636825562,0.16561740636825562,0.006955623626708984,10.921145332977176,,21.84229066595435,0.3364689541674622,0.6162509322166443,256,,,,,,,,,,,False
exact_marg (MC=256),marginal_estimator,exact_marg,5,5000,False,,-0.028561154380440712,0.028561154380440712,0.0016197472577914596,11.166568049998023,,55.83284024999011,0.3364689541674622,0.6162509322166443,256,,,,,,,,,,,False
exact_marg (MC=256),marginal_estimator,exact_marg,5,10000,False,,-0.02085946500301361,0.02085946500301361,0.001844461658038199,11.795209074998274,,117.95209074998274,0.3364689541674622,0.6162509322166443,256,,,,,,,,,,,False
